"haul_truck_id","date","shift","material_type","tons_hauled","fuel_consumption_l","distance_km","downtime_hours","operator_exp_months","safety_incidents","fuel_efficiency","availability","utilization","month","quarter"
"HT031",2022-01-01,"Day","Ore_LowGrade",271.6,743.6,90.7,2.5,109,0,0.365,79.2,79.2,"Jan",1
"HT015",2022-01-02,"Night","Ore_HighGrade",279.5,744.8,78.8,0.8,108,0,0.375,93.3,93.3,"Jan",1
"HT014",2022-01-03,"Day","Ore_HighGrade",274.4,793.4,123.4,1.7,21,0,0.346,85.8,85.8,"Jan",1
"HT003",2022-01-04,"Night","Ore_HighGrade",271.4,728.8,102.2,0.8,104,0,0.372,93.3,93.3,"Jan",1
"HT042",2022-01-05,"Day","Ore_HighGrade",345.1,651.7,116.8,0.4,47,0,0.53,96.7,96.7,"Jan",1
"HT050",2022-01-06,"Night","Ore_HighGrade",262.6,664.6,88,0.7,66,0,0.395,94.2,94.2,"Jan",1
"HT043",2022-01-07,"Day","Ore_HighGrade",296,671.7,85.2,0.7,70,0,0.441,94.2,94.2,"Jan",1
"HT037",2022-01-08,"Day","Ore_LowGrade",247.2,734.1,80.6,0.5,116,0,0.337,95.8,95.8,"Jan",1
"HT014",2022-01-09,"Day","Ore_LowGrade",313.6,874.6,115.3,0.2,55,0,0.359,98.3,98.3,"Jan",1
"HT025",2022-01-10,"Day","Ore_LowGrade",290.2,767.8,106.5,0.9,110,0,0.378,92.5,92.5,"Jan",1
"HT026",2022-01-11,"Day","Waste",235.8,677.8,98.5,0.4,104,0,0.348,96.7,96.7,"Jan",1
"HT027",2022-01-12,"Night","Waste",267.9,793.1,97.1,2,106,0,0.338,83.3,83.3,"Jan",1
"HT005",2022-01-13,"Night","Ore_HighGrade",251.5,924.3,114.9,1.4,102,1,0.272,88.3,88.3,"Jan",1
"HT027",2022-01-14,"Night","Ore_HighGrade",235.4,656.8,97,1,47,0,0.358,91.7,91.7,"Jan",1
"HT028",2022-01-15,"Day","Ore_LowGrade",256.9,1079.2,89.5,0.5,11,0,0.238,95.8,95.8,"Jan",1
"HT009",2022-01-16,"Day","Ore_HighGrade",191.9,808.5,87.7,0.3,101,0,0.237,97.5,97.5,"Jan",1
"HT029",2022-01-17,"Day","Waste",368.4,920,90.2,0.3,8,0,0.4,97.5,97.5,"Jan",1
"HT035",2022-01-18,"Day","Waste",275.2,975.8,67.4,1.2,90,0,0.282,90,90,"Jan",1
"HT008",2022-01-19,"Night","Ore_HighGrade",307.8,705.9,127.1,0.2,54,0,0.436,98.3,98.3,"Jan",1
"HT026",2022-01-20,"Day","Waste",302.1,743.8,78.8,0.9,18,0,0.406,92.5,92.5,"Jan",1
"HT007",2022-01-21,"Day","Ore_HighGrade",315,732.8,88,1.5,53,0,0.43,87.5,87.5,"Jan",1
"HT042",2022-01-22,"Night","Waste",301.1,808,81.2,1,16,0,0.373,91.7,91.7,"Jan",1
"HT009",2022-01-23,"Day","Waste",337.7,799.6,113.2,0.7,6,1,0.422,94.2,94.2,"Jan",1
"HT019",2022-01-24,"Day","Ore_HighGrade",353.4,755.4,106.9,1.9,98,0,0.468,84.2,84.2,"Jan",1
"HT036",2022-01-25,"Day","Ore_LowGrade",266.5,705,109.4,1.3,118,0,0.378,89.2,89.2,"Jan",1
"HT014",2022-01-26,"Night","Ore_HighGrade",225.1,864.4,119.3,1.6,94,0,0.26,86.7,86.7,"Jan",1
"HT017",2022-01-27,"Day","Waste",312.2,724.9,84,0.8,53,0,0.431,93.3,93.3,"Jan",1
"HT043",2022-01-28,"Night","Ore_LowGrade",294,953.6,102.1,1.6,113,0,0.308,86.7,86.7,"Jan",1
"HT039",2022-01-29,"Night","Ore_HighGrade",259.6,777.8,92.5,1,32,0,0.334,91.7,91.7,"Jan",1
"HT012",2022-01-30,"Day","Ore_HighGrade",304.6,765.4,80.6,0.7,95,0,0.398,94.2,94.2,"Jan",1
"HT015",2022-01-31,"Day","Ore_LowGrade",346.3,801.4,98.6,0.5,119,0,0.432,95.8,95.8,"Jan",1
"HT032",2022-02-01,"Day","Waste",302.7,760.2,89,0.9,80,0,0.398,92.5,92.5,"Feb",1
"HT042",2022-02-02,"Day","Ore_LowGrade",238.8,821.5,131,1.5,55,0,0.291,87.5,87.5,"Feb",1
"HT045",2022-02-03,"Night","Waste",315.9,871.1,139.5,0.6,61,0,0.363,95,95,"Feb",1
"HT007",2022-02-04,"Night","Ore_LowGrade",242.7,864.3,140.5,0.5,70,0,0.281,95.8,95.8,"Feb",1
"HT009",2022-02-05,"Day","Ore_HighGrade",313.7,726.1,116,0.2,18,0,0.432,98.3,98.3,"Feb",1
"HT041",2022-02-06,"Day","Waste",310.2,631.1,87,1.6,105,1,0.492,86.7,86.7,"Feb",1
"HT010",2022-02-07,"Day","Ore_LowGrade",375.6,804.1,113.3,0.9,93,1,0.467,92.5,92.5,"Feb",1
"HT023",2022-02-08,"Day","Ore_HighGrade",290.5,701.7,115.9,2.2,112,0,0.414,81.7,81.7,"Feb",1
"HT027",2022-02-09,"Night","Waste",336.7,712.3,122.6,2.3,72,0,0.473,80.8,80.8,"Feb",1
"HT007",2022-02-10,"Night","Waste",344.3,773.1,117.1,0.6,24,0,0.445,95,95,"Feb",1
"HT027",2022-02-11,"Day","Ore_LowGrade",289.6,587.2,101.1,1.3,14,0,0.493,89.2,89.2,"Feb",1
"HT032",2022-02-12,"Night","Ore_HighGrade",226.5,681.2,82.1,0.3,23,0,0.333,97.5,97.5,"Feb",1
"HT038",2022-02-13,"Night","Waste",298.2,728.4,121.9,0.5,92,0,0.409,95.8,95.8,"Feb",1
"HT025",2022-02-14,"Night","Ore_HighGrade",315,910.4,118.8,0.4,68,0,0.346,96.7,96.7,"Feb",1
"HT034",2022-02-15,"Day","Ore_HighGrade",319.6,652.1,80.8,0.5,46,1,0.49,95.8,95.8,"Feb",1
"HT029",2022-02-16,"Night","Waste",308.7,1012.8,116.3,1.8,39,0,0.305,85,85,"Feb",1
"HT005",2022-02-17,"Day","Waste",289.4,901.9,86.9,0.3,67,0,0.321,97.5,97.5,"Feb",1
"HT008",2022-02-18,"Night","Ore_LowGrade",354.5,942.7,90.7,0.2,6,0,0.376,98.3,98.3,"Feb",1
"HT012",2022-02-19,"Day","Ore_HighGrade",298.5,909.2,93.7,0.4,106,0,0.328,96.7,96.7,"Feb",1
"HT013",2022-02-20,"Night","Waste",295.5,952.1,134.1,0.5,85,0,0.31,95.8,95.8,"Feb",1
"HT018",2022-02-21,"Day","Ore_HighGrade",322.9,958,97.9,1.5,41,0,0.337,87.5,87.5,"Feb",1
"HT033",2022-02-22,"Night","Waste",319.6,533.7,96.5,1.1,107,0,0.599,90.8,90.8,"Feb",1
"HT027",2022-02-23,"Day","Waste",388,732.6,108.8,1.4,51,0,0.53,88.3,88.3,"Feb",1
"HT025",2022-02-24,"Night","Waste",364.7,882.2,72.4,2.5,75,0,0.413,79.2,79.2,"Feb",1
"HT038",2022-02-25,"Day","Ore_HighGrade",349.1,939.6,75.4,0.8,17,1,0.372,93.3,93.3,"Feb",1
"HT021",2022-02-26,"Night","Waste",313.1,909.2,66,1.4,104,0,0.344,88.3,88.3,"Feb",1
"HT015",2022-02-27,"Day","Waste",268.3,815.8,105.3,1.8,8,0,0.329,85,85,"Feb",1
"HT041",2022-02-28,"Night","Ore_HighGrade",245.6,728.6,112.2,1.8,42,0,0.337,85,85,"Feb",1
"HT047",2022-03-01,"Night","Waste",253.3,1078.6,101,3.4,24,0,0.235,71.7,71.7,"Mar",1
"HT026",2022-03-02,"Night","Ore_HighGrade",256.8,926.1,114.5,0.9,8,1,0.277,92.5,92.5,"Mar",1
"HT031",2022-03-03,"Night","Ore_HighGrade",325.1,877.3,111.1,0.8,99,0,0.371,93.3,93.3,"Mar",1
"HT016",2022-03-04,"Day","Waste",271.8,709.8,104.4,0.9,114,0,0.383,92.5,92.5,"Mar",1
"HT030",2022-03-05,"Day","Ore_HighGrade",291.2,770.5,124.1,1.5,41,0,0.378,87.5,87.5,"Mar",1
"HT006",2022-03-06,"Night","Ore_HighGrade",366.1,778.2,104.4,1.5,55,1,0.47,87.5,87.5,"Mar",1
"HT043",2022-03-07,"Day","Waste",313.6,806.3,102,1,75,0,0.389,91.7,91.7,"Mar",1
"HT008",2022-03-08,"Day","Ore_LowGrade",300.6,716.7,96.9,1.1,66,0,0.419,90.8,90.8,"Mar",1
"HT022",2022-03-09,"Night","Ore_LowGrade",261,810.7,82.9,1.5,64,0,0.322,87.5,87.5,"Mar",1
"HT022",2022-03-10,"Night","Ore_HighGrade",264.9,1093.5,91.2,0.1,86,0,0.242,99.2,99.2,"Mar",1
"HT039",2022-03-11,"Day","Ore_HighGrade",262,853.2,70.5,1.1,98,0,0.307,90.8,90.8,"Mar",1
"HT031",2022-03-12,"Day","Ore_LowGrade",291.5,410.5,94.7,0.3,38,0,0.71,97.5,97.5,"Mar",1
"HT048",2022-03-13,"Day","Ore_LowGrade",267.2,851.5,109.8,2.2,59,0,0.314,81.7,81.7,"Mar",1
"HT017",2022-03-14,"Day","Ore_LowGrade",307.9,985.3,82.3,0.9,51,0,0.312,92.5,92.5,"Mar",1
"HT050",2022-03-15,"Night","Waste",354.7,805.2,95.9,0.4,29,0,0.441,96.7,96.7,"Mar",1
"HT049",2022-03-16,"Night","Ore_HighGrade",315.1,761,103.9,0.6,68,0,0.414,95,95,"Mar",1
"HT034",2022-03-17,"Night","Ore_LowGrade",272.1,754.1,67.6,0.3,38,0,0.361,97.5,97.5,"Mar",1
"HT004",2022-03-18,"Night","Ore_LowGrade",246.2,1040.1,88.7,1.6,118,0,0.237,86.7,86.7,"Mar",1
"HT013",2022-03-19,"Day","Ore_HighGrade",310,894.5,93,1.2,36,0,0.347,90,90,"Mar",1
"HT005",2022-03-20,"Day","Ore_HighGrade",304.2,750.5,121.1,0.8,115,0,0.405,93.3,93.3,"Mar",1
"HT025",2022-03-21,"Night","Waste",253.7,975.5,131.4,1.4,79,1,0.26,88.3,88.3,"Mar",1
"HT022",2022-03-22,"Day","Ore_HighGrade",319.3,730.3,61.4,0.2,77,0,0.437,98.3,98.3,"Mar",1
"HT025",2022-03-23,"Day","Waste",333,648.6,110.8,0.5,71,0,0.513,95.8,95.8,"Mar",1
"HT032",2022-03-24,"Day","Waste",286.2,910.5,81.9,1.1,96,0,0.314,90.8,90.8,"Mar",1
"HT046",2022-03-25,"Night","Ore_LowGrade",315.6,842,114.2,0.5,42,0,0.375,95.8,95.8,"Mar",1
"HT025",2022-03-26,"Night","Ore_LowGrade",265.7,862.7,92.9,0.4,62,0,0.308,96.7,96.7,"Mar",1
"HT023",2022-03-27,"Night","Ore_HighGrade",413.4,1163,112.2,1.5,58,0,0.355,87.5,87.5,"Mar",1
"HT035",2022-03-28,"Night","Ore_LowGrade",215.4,717.4,75.7,1.6,106,0,0.3,86.7,86.7,"Mar",1
"HT040",2022-03-29,"Night","Waste",329.4,751.5,131.8,2,30,0,0.438,83.3,83.3,"Mar",1
"HT048",2022-03-30,"Night","Ore_HighGrade",303.3,949.2,103.3,0.7,51,0,0.32,94.2,94.2,"Mar",1
"HT030",2022-03-31,"Night","Ore_HighGrade",229.8,952,37.1,1.2,57,0,0.241,90,90,"Mar",1
"HT012",2022-04-01,"Day","Ore_HighGrade",282.9,446.9,106.8,0.4,10,0,0.633,96.7,96.7,"Apr",2
"HT031",2022-04-02,"Night","Ore_HighGrade",264.3,772.5,149,0.7,9,1,0.342,94.2,94.2,"Apr",2
"HT046",2022-04-03,"Night","Waste",275.2,736.2,133.3,0.3,39,0,0.374,97.5,97.5,"Apr",2
"HT030",2022-04-04,"Day","Waste",266.4,998.2,134.5,0.1,94,0,0.267,99.2,99.2,"Apr",2
"HT035",2022-04-05,"Night","Ore_LowGrade",283.4,825.6,80.4,0.8,59,0,0.343,93.3,93.3,"Apr",2
"HT014",2022-04-06,"Day","Ore_HighGrade",308.6,634,117.9,0.7,78,0,0.487,94.2,94.2,"Apr",2
"HT029",2022-04-07,"Night","Ore_LowGrade",251,811.3,141.8,0.4,78,0,0.309,96.7,96.7,"Apr",2
"HT032",2022-04-08,"Night","Waste",316,769.7,109.1,0.4,33,0,0.411,96.7,96.7,"Apr",2
"HT007",2022-04-09,"Night","Ore_HighGrade",254.4,588.9,88.7,0.4,78,0,0.432,96.7,96.7,"Apr",2
"HT003",2022-04-10,"Night","Ore_HighGrade",366,706.3,115.6,1.3,92,0,0.518,89.2,89.2,"Apr",2
"HT023",2022-04-11,"Day","Waste",292.8,545.8,120.6,3.2,7,0,0.536,73.3,73.3,"Apr",2
"HT015",2022-04-12,"Night","Ore_LowGrade",251.4,1001.6,85.5,1.4,104,0,0.251,88.3,88.3,"Apr",2
"HT021",2022-04-13,"Night","Waste",286.8,605.5,115.4,0.6,28,0,0.474,95,95,"Apr",2
"HT037",2022-04-14,"Night","Ore_LowGrade",336.9,661.9,85.7,0.9,42,0,0.509,92.5,92.5,"Apr",2
"HT008",2022-04-15,"Night","Waste",316.6,866.5,125,1.1,111,0,0.365,90.8,90.8,"Apr",2
"HT010",2022-04-16,"Night","Ore_HighGrade",282.8,902.8,109.9,0.4,106,0,0.313,96.7,96.7,"Apr",2
"HT050",2022-04-17,"Day","Waste",385.3,835.7,109.7,2.5,45,0,0.461,79.2,79.2,"Apr",2
"HT042",2022-04-18,"Day","Ore_HighGrade",315.3,856.4,104.2,0.4,59,0,0.368,96.7,96.7,"Apr",2
"HT044",2022-04-19,"Day","Ore_HighGrade",288.3,970.3,69.5,0.9,51,0,0.297,92.5,92.5,"Apr",2
"HT034",2022-04-20,"Night","Ore_LowGrade",271.4,783.4,119.7,0.5,16,0,0.346,95.8,95.8,"Apr",2
"HT010",2022-04-21,"Day","Waste",359.4,858.6,135.8,2.2,50,0,0.419,81.7,81.7,"Apr",2
"HT022",2022-04-22,"Night","Ore_HighGrade",327.4,860.1,95.7,0.4,65,0,0.381,96.7,96.7,"Apr",2
"HT012",2022-04-23,"Day","Ore_LowGrade",223.9,1072.9,101.5,0.8,8,0,0.209,93.3,93.3,"Apr",2
"HT020",2022-04-24,"Night","Ore_HighGrade",351.4,865.4,99,0.1,80,0,0.406,99.2,99.2,"Apr",2
"HT046",2022-04-25,"Night","Ore_HighGrade",339.5,677.3,95.7,1.3,34,0,0.501,89.2,89.2,"Apr",2
"HT017",2022-04-26,"Day","Ore_LowGrade",317,825.7,87.4,0.3,110,1,0.384,97.5,97.5,"Apr",2
"HT046",2022-04-27,"Night","Ore_HighGrade",225.3,830.2,124.9,0.2,36,0,0.271,98.3,98.3,"Apr",2
"HT035",2022-04-28,"Day","Ore_LowGrade",288.7,799.2,110.6,0.5,90,0,0.361,95.8,95.8,"Apr",2
"HT040",2022-04-29,"Night","Ore_HighGrade",284.6,694.3,108.7,4.2,34,0,0.41,65,65,"Apr",2
"HT046",2022-04-30,"Night","Waste",308.9,869.5,115.4,0.6,21,0,0.355,95,95,"Apr",2
"HT030",2022-05-01,"Day","Ore_LowGrade",188.7,636.9,92.5,0.8,84,0,0.296,93.3,93.3,"May",2
"HT015",2022-05-02,"Night","Ore_HighGrade",348.7,796.1,68.4,0.7,38,0,0.438,94.2,94.2,"May",2
"HT024",2022-05-03,"Night","Ore_LowGrade",221.6,783.5,134.5,1.5,97,0,0.283,87.5,87.5,"May",2
"HT049",2022-05-04,"Day","Waste",285.5,885.1,80.4,0.4,38,0,0.323,96.7,96.7,"May",2
"HT023",2022-05-05,"Day","Ore_HighGrade",245.7,717.1,100.4,0.5,50,0,0.343,95.8,95.8,"May",2
"HT043",2022-05-06,"Night","Ore_HighGrade",275.6,1020.9,127.8,0.3,72,1,0.27,97.5,97.5,"May",2
"HT007",2022-05-07,"Night","Waste",255.9,800.2,95.1,0.7,30,0,0.32,94.2,94.2,"May",2
"HT029",2022-05-08,"Night","Ore_LowGrade",309.3,785.7,136.9,2.3,39,0,0.394,80.8,80.8,"May",2
"HT015",2022-05-09,"Day","Ore_LowGrade",291.8,946.3,51.3,0.3,13,0,0.308,97.5,97.5,"May",2
"HT023",2022-05-10,"Day","Ore_HighGrade",295.6,968.6,99.9,0.7,60,0,0.305,94.2,94.2,"May",2
"HT026",2022-05-11,"Night","Waste",331.8,845.8,120.2,2.4,116,1,0.392,80,80,"May",2
"HT038",2022-05-12,"Night","Waste",349.8,977.5,110.5,1.2,99,0,0.358,90,90,"May",2
"HT046",2022-05-13,"Night","Ore_LowGrade",354.3,804.5,103.2,1,79,0,0.44,91.7,91.7,"May",2
"HT032",2022-05-14,"Night","Ore_LowGrade",323.8,1071,118.4,0.3,40,0,0.302,97.5,97.5,"May",2
"HT007",2022-05-15,"Night","Waste",287.7,1045.3,110,1.6,94,0,0.275,86.7,86.7,"May",2
"HT027",2022-05-16,"Night","Ore_HighGrade",256,783.3,103.1,0.5,94,0,0.327,95.8,95.8,"May",2
"HT042",2022-05-17,"Night","Ore_LowGrade",241.3,865.7,64.1,0.4,73,0,0.279,96.7,96.7,"May",2
"HT005",2022-05-18,"Night","Ore_LowGrade",365.7,740.9,119.4,0.3,102,0,0.494,97.5,97.5,"May",2
"HT006",2022-05-19,"Day","Ore_HighGrade",305.1,781.6,110.9,2.3,30,0,0.39,80.8,80.8,"May",2
"HT016",2022-05-20,"Day","Ore_HighGrade",395.9,567.1,97.7,2.9,115,0,0.698,75.8,75.8,"May",2
"HT024",2022-05-21,"Day","Waste",338.6,646.5,64.4,0.1,83,1,0.524,99.2,99.2,"May",2
"HT032",2022-05-22,"Night","Ore_LowGrade",330.4,754.5,104.7,1.1,101,0,0.438,90.8,90.8,"May",2
"HT021",2022-05-23,"Day","Waste",292.5,852.6,92.3,0.5,84,0,0.343,95.8,95.8,"May",2
"HT011",2022-05-24,"Day","Ore_LowGrade",345.1,767,107.5,0.7,56,0,0.45,94.2,94.2,"May",2
"HT036",2022-05-25,"Day","Waste",350.3,672.3,92.3,0.7,30,0,0.521,94.2,94.2,"May",2
"HT044",2022-05-26,"Day","Ore_HighGrade",194.8,992.1,128.1,2.4,71,0,0.196,80,80,"May",2
"HT046",2022-05-27,"Night","Ore_HighGrade",297.2,723.8,78.8,2,94,1,0.411,83.3,83.3,"May",2
"HT019",2022-05-28,"Night","Ore_LowGrade",292.9,981.4,86.2,0.3,15,0,0.298,97.5,97.5,"May",2
"HT025",2022-05-29,"Day","Ore_HighGrade",322.4,776.5,138.5,1.5,42,0,0.415,87.5,87.5,"May",2
"HT039",2022-05-30,"Day","Ore_HighGrade",396.9,695,70.6,0.8,32,0,0.571,93.3,93.3,"May",2
"HT026",2022-05-31,"Night","Waste",396.5,624,77.9,1.1,24,0,0.635,90.8,90.8,"May",2
"HT009",2022-06-01,"Day","Waste",331.9,873.3,121.3,0.4,62,0,0.38,96.7,96.7,"Jun",2
"HT007",2022-06-02,"Night","Ore_HighGrade",318.9,944.4,99.5,0.4,91,0,0.338,96.7,96.7,"Jun",2
"HT034",2022-06-03,"Day","Waste",432.2,809.3,75.7,1.2,27,0,0.534,90,90,"Jun",2
"HT048",2022-06-04,"Day","Ore_LowGrade",336.3,1115,122.3,0.8,53,0,0.302,93.3,93.3,"Jun",2
"HT013",2022-06-05,"Night","Ore_HighGrade",234.5,1078.4,99.6,0.8,37,0,0.217,93.3,93.3,"Jun",2
"HT019",2022-06-06,"Day","Ore_HighGrade",256.6,898.4,81.2,0.6,74,0,0.286,95,95,"Jun",2
"HT047",2022-06-07,"Night","Waste",299.3,800.5,104.3,1.6,105,0,0.374,86.7,86.7,"Jun",2
"HT039",2022-06-08,"Night","Waste",350,880.7,82.6,0.7,113,0,0.397,94.2,94.2,"Jun",2
"HT004",2022-06-09,"Night","Ore_HighGrade",270.6,718.8,80.3,0.3,45,0,0.376,97.5,97.5,"Jun",2
"HT001",2022-06-10,"Day","Ore_LowGrade",327.2,833.8,104.4,0.3,103,0,0.392,97.5,97.5,"Jun",2
"HT040",2022-06-11,"Day","Waste",233.1,1056.2,107.4,0.3,47,0,0.221,97.5,97.5,"Jun",2
"HT030",2022-06-12,"Night","Ore_LowGrade",314.7,705.7,101.6,0.8,86,0,0.446,93.3,93.3,"Jun",2
"HT030",2022-06-13,"Day","Ore_LowGrade",286.5,775.5,103.9,2,10,0,0.369,83.3,83.3,"Jun",2
"HT025",2022-06-14,"Night","Ore_HighGrade",365.5,758.6,88.2,0.8,111,0,0.482,93.3,93.3,"Jun",2
"HT016",2022-06-15,"Day","Ore_HighGrade",384.7,751.4,126.1,0.5,63,0,0.512,95.8,95.8,"Jun",2
"HT024",2022-06-16,"Day","Ore_LowGrade",307.5,724.2,99.3,0.8,49,0,0.425,93.3,93.3,"Jun",2
"HT011",2022-06-17,"Night","Ore_HighGrade",315.7,653.7,65.9,0.5,59,0,0.483,95.8,95.8,"Jun",2
"HT048",2022-06-18,"Night","Waste",297.4,591.3,106.3,0.4,14,0,0.503,96.7,96.7,"Jun",2
"HT020",2022-06-19,"Day","Ore_HighGrade",347.8,874.4,94.9,0.4,71,0,0.398,96.7,96.7,"Jun",2
"HT040",2022-06-20,"Day","Waste",309.7,922.3,107.3,0.6,89,0,0.336,95,95,"Jun",2
"HT003",2022-06-21,"Day","Ore_HighGrade",272.6,874.4,103,0.8,57,0,0.312,93.3,93.3,"Jun",2
"HT029",2022-06-22,"Day","Ore_LowGrade",315.3,855.4,78.2,0.7,22,0,0.369,94.2,94.2,"Jun",2
"HT036",2022-06-23,"Night","Waste",263.9,626.9,77.1,1.2,61,0,0.421,90,90,"Jun",2
"HT044",2022-06-24,"Day","Ore_HighGrade",252.5,967.6,83.7,1.6,23,0,0.261,86.7,86.7,"Jun",2
"HT022",2022-06-25,"Night","Ore_HighGrade",310.7,857.4,121.3,0.3,10,0,0.362,97.5,97.5,"Jun",2
"HT049",2022-06-26,"Night","Ore_HighGrade",330.5,987.3,109.1,1.4,86,0,0.335,88.3,88.3,"Jun",2
"HT042",2022-06-27,"Day","Ore_HighGrade",322.1,760.6,134.2,1.4,60,0,0.423,88.3,88.3,"Jun",2
"HT020",2022-06-28,"Day","Ore_LowGrade",282.2,605.3,95.7,2.7,6,0,0.466,77.5,77.5,"Jun",2
"HT011",2022-06-29,"Night","Ore_HighGrade",387.6,983.8,106.6,0.4,10,0,0.394,96.7,96.7,"Jun",2
"HT008",2022-06-30,"Night","Ore_HighGrade",257.6,632.2,120.1,0.5,12,0,0.407,95.8,95.8,"Jun",2
"HT046",2022-07-01,"Day","Ore_HighGrade",298.2,760.6,125.6,0.1,107,0,0.392,99.2,99.2,"Jul",3
"HT021",2022-07-02,"Night","Waste",277.8,991.9,102.1,1.3,26,0,0.28,89.2,89.2,"Jul",3
"HT045",2022-07-03,"Day","Ore_LowGrade",323.9,774.9,118.8,1.6,17,0,0.418,86.7,86.7,"Jul",3
"HT002",2022-07-04,"Day","Ore_HighGrade",296.1,727.4,103.7,1.6,62,0,0.407,86.7,86.7,"Jul",3
"HT043",2022-07-05,"Day","Ore_HighGrade",299.8,921.2,110,2.7,19,0,0.325,77.5,77.5,"Jul",3
"HT013",2022-07-06,"Night","Ore_LowGrade",324.5,669.9,81.6,0.3,72,0,0.484,97.5,97.5,"Jul",3
"HT046",2022-07-07,"Day","Ore_LowGrade",239.3,700.1,98.1,0.4,30,0,0.342,96.7,96.7,"Jul",3
"HT006",2022-07-08,"Day","Ore_LowGrade",290.1,910.4,104.4,1.2,118,0,0.319,90,90,"Jul",3
"HT008",2022-07-09,"Night","Waste",385.4,801.9,106.3,1.7,82,0,0.481,85.8,85.8,"Jul",3
"HT044",2022-07-10,"Day","Ore_HighGrade",262,791.4,79,1.5,115,0,0.331,87.5,87.5,"Jul",3
"HT032",2022-07-11,"Day","Waste",348.6,470.7,114.4,1.5,101,0,0.741,87.5,87.5,"Jul",3
"HT036",2022-07-12,"Night","Waste",248.4,920.4,107.9,2.3,28,0,0.27,80.8,80.8,"Jul",3
"HT045",2022-07-13,"Day","Ore_HighGrade",338.4,896.7,105.5,0.5,58,0,0.377,95.8,95.8,"Jul",3
"HT014",2022-07-14,"Day","Waste",315.1,529.1,80.6,2.2,55,0,0.596,81.7,81.7,"Jul",3
"HT016",2022-07-15,"Day","Ore_LowGrade",321.2,762.1,115.6,1.1,59,0,0.421,90.8,90.8,"Jul",3
"HT023",2022-07-16,"Night","Ore_HighGrade",300.3,778.3,95.4,0.6,110,0,0.386,95,95,"Jul",3
"HT033",2022-07-17,"Night","Waste",337.1,507.1,99.4,0.1,82,0,0.665,99.2,99.2,"Jul",3
"HT040",2022-07-18,"Day","Ore_HighGrade",378,627,87.8,0.5,110,0,0.603,95.8,95.8,"Jul",3
"HT040",2022-07-19,"Day","Ore_HighGrade",279.1,781.9,115.7,1,29,0,0.357,91.7,91.7,"Jul",3
"HT010",2022-07-20,"Night","Ore_HighGrade",279,708.7,80.6,0.9,101,1,0.394,92.5,92.5,"Jul",3
"HT025",2022-07-21,"Night","Waste",334.9,821.3,99.4,0.4,29,1,0.408,96.7,96.7,"Jul",3
"HT008",2022-07-22,"Night","Ore_HighGrade",289.5,549.4,84.1,0.3,116,0,0.527,97.5,97.5,"Jul",3
"HT018",2022-07-23,"Day","Ore_HighGrade",377.1,650.7,74.5,2.5,44,0,0.58,79.2,79.2,"Jul",3
"HT009",2022-07-24,"Night","Ore_HighGrade",314.2,1031.4,95.4,0.5,106,0,0.305,95.8,95.8,"Jul",3
"HT007",2022-07-25,"Day","Ore_HighGrade",316.1,834.7,60.4,0.6,29,0,0.379,95,95,"Jul",3
"HT007",2022-07-26,"Night","Waste",246.6,596.8,87,0.2,86,0,0.413,98.3,98.3,"Jul",3
"HT010",2022-07-27,"Night","Ore_HighGrade",371.3,631.3,96.5,0.7,92,0,0.588,94.2,94.2,"Jul",3
"HT024",2022-07-28,"Day","Waste",360,736.2,94.1,0.6,90,0,0.489,95,95,"Jul",3
"HT023",2022-07-29,"Night","Ore_LowGrade",216.1,671.8,101,1.1,12,1,0.322,90.8,90.8,"Jul",3
"HT026",2022-07-30,"Day","Ore_HighGrade",391.4,590.1,81.1,1.5,60,0,0.663,87.5,87.5,"Jul",3
"HT043",2022-07-31,"Day","Ore_LowGrade",273.2,960.3,95.8,2.7,88,0,0.284,77.5,77.5,"Jul",3
"HT033",2022-08-01,"Day","Ore_HighGrade",258.2,839.7,64,0.5,94,0,0.307,95.8,95.8,"Aug",3
"HT029",2022-08-02,"Day","Ore_HighGrade",262.1,899.7,113.7,2.1,10,0,0.291,82.5,82.5,"Aug",3
"HT010",2022-08-03,"Night","Ore_HighGrade",233.8,677.6,124,0.7,93,0,0.345,94.2,94.2,"Aug",3
"HT013",2022-08-04,"Day","Ore_LowGrade",339.4,775,93.6,0.2,48,0,0.438,98.3,98.3,"Aug",3
"HT043",2022-08-05,"Day","Ore_HighGrade",231.2,524.5,115.3,0.5,101,0,0.441,95.8,95.8,"Aug",3
"HT011",2022-08-06,"Day","Ore_LowGrade",246.5,814.2,100.2,0.5,48,0,0.303,95.8,95.8,"Aug",3
"HT025",2022-08-07,"Night","Ore_HighGrade",250.7,862.5,83.3,1.9,107,0,0.291,84.2,84.2,"Aug",3
"HT026",2022-08-08,"Day","Ore_HighGrade",326.8,961.1,97.2,1.4,6,0,0.34,88.3,88.3,"Aug",3
"HT007",2022-08-09,"Night","Waste",277.7,755.1,89.1,1,80,0,0.368,91.7,91.7,"Aug",3
"HT025",2022-08-10,"Day","Ore_HighGrade",299.8,680.9,62,1.1,22,0,0.44,90.8,90.8,"Aug",3
"HT023",2022-08-11,"Day","Ore_LowGrade",268.8,781.5,103.6,0.9,95,0,0.344,92.5,92.5,"Aug",3
"HT026",2022-08-12,"Night","Ore_LowGrade",323,961.5,109,0.5,34,0,0.336,95.8,95.8,"Aug",3
"HT032",2022-08-13,"Night","Ore_HighGrade",271.1,821.5,80.9,1.6,97,0,0.33,86.7,86.7,"Aug",3
"HT020",2022-08-14,"Day","Waste",384.4,809.2,89.7,0.6,80,0,0.475,95,95,"Aug",3
"HT024",2022-08-15,"Day","Ore_LowGrade",301.3,799.9,76.7,1.2,48,0,0.377,90,90,"Aug",3
"HT009",2022-08-16,"Night","Ore_LowGrade",270.5,801.3,72.8,0.7,69,0,0.338,94.2,94.2,"Aug",3
"HT041",2022-08-17,"Day","Ore_LowGrade",369.1,797.6,77.4,0.4,24,0,0.463,96.7,96.7,"Aug",3
"HT037",2022-08-18,"Day","Ore_LowGrade",301.6,804.6,98.6,0.3,89,0,0.375,97.5,97.5,"Aug",3
"HT023",2022-08-19,"Night","Ore_HighGrade",249.9,585.1,96.8,0.8,25,0,0.427,93.3,93.3,"Aug",3
"HT014",2022-08-20,"Day","Waste",252.2,966.1,85,0.6,12,0,0.261,95,95,"Aug",3
"HT046",2022-08-21,"Night","Ore_HighGrade",324.5,836.1,90.4,0.3,79,0,0.388,97.5,97.5,"Aug",3
"HT006",2022-08-22,"Day","Ore_LowGrade",241,905.8,98.7,0.6,6,0,0.266,95,95,"Aug",3
"HT027",2022-08-23,"Day","Waste",377.8,1079.3,108.8,0.2,110,0,0.35,98.3,98.3,"Aug",3
"HT001",2022-08-24,"Night","Ore_LowGrade",254.8,828.4,95.7,0.2,60,0,0.308,98.3,98.3,"Aug",3
"HT026",2022-08-25,"Night","Ore_HighGrade",224.9,700.4,91.7,1.8,109,0,0.321,85,85,"Aug",3
"HT042",2022-08-26,"Day","Waste",221.8,765,80.4,0.8,116,0,0.29,93.3,93.3,"Aug",3
"HT049",2022-08-27,"Day","Waste",250.3,741.5,109.3,1.4,28,0,0.338,88.3,88.3,"Aug",3
"HT017",2022-08-28,"Day","Waste",327.9,518.6,85.3,0.1,91,0,0.632,99.2,99.2,"Aug",3
"HT029",2022-08-29,"Night","Ore_LowGrade",203.4,736.3,72.7,1.5,35,0,0.276,87.5,87.5,"Aug",3
"HT026",2022-08-30,"Night","Ore_LowGrade",275.6,499.9,129,0.6,14,0,0.551,95,95,"Aug",3
"HT027",2022-08-31,"Day","Waste",296.5,916.3,81.3,0.8,113,1,0.324,93.3,93.3,"Aug",3
"HT021",2022-09-01,"Night","Ore_HighGrade",229,554.8,102.7,0.3,30,0,0.413,97.5,97.5,"Sep",3
"HT007",2022-09-02,"Day","Ore_HighGrade",309.5,907.2,118.8,1.2,19,0,0.341,90,90,"Sep",3
"HT026",2022-09-03,"Day","Ore_HighGrade",168.9,763.5,109.2,1,92,0,0.221,91.7,91.7,"Sep",3
"HT041",2022-09-04,"Night","Ore_HighGrade",216.2,797.1,90.8,1.2,36,0,0.271,90,90,"Sep",3
"HT020",2022-09-05,"Night","Ore_LowGrade",377.1,925.8,131.7,2.2,10,0,0.407,81.7,81.7,"Sep",3
"HT006",2022-09-06,"Night","Waste",384.1,1028.8,87.7,0.7,26,0,0.373,94.2,94.2,"Sep",3
"HT050",2022-09-07,"Night","Waste",352.2,775.4,70.7,1,69,0,0.454,91.7,91.7,"Sep",3
"HT030",2022-09-08,"Night","Waste",427,748.8,113,0.7,13,0,0.57,94.2,94.2,"Sep",3
"HT031",2022-09-09,"Night","Waste",271.9,867.5,113.7,0.6,95,0,0.313,95,95,"Sep",3
"HT029",2022-09-10,"Night","Ore_HighGrade",387.2,884.2,117.2,0.9,47,0,0.438,92.5,92.5,"Sep",3
"HT017",2022-09-11,"Day","Ore_LowGrade",242.9,864.1,82.1,0.9,106,0,0.281,92.5,92.5,"Sep",3
"HT037",2022-09-12,"Night","Waste",345.5,995.3,91.7,1.5,12,0,0.347,87.5,87.5,"Sep",3
"HT020",2022-09-13,"Day","Ore_LowGrade",215.3,1064.5,151.5,0.4,118,0,0.202,96.7,96.7,"Sep",3
"HT035",2022-09-14,"Night","Ore_HighGrade",326.9,774.1,95.2,0.7,67,0,0.422,94.2,94.2,"Sep",3
"HT025",2022-09-15,"Day","Ore_HighGrade",192.6,650.6,119.7,1.6,16,0,0.296,86.7,86.7,"Sep",3
"HT046",2022-09-16,"Night","Ore_LowGrade",217.3,1025.4,97.9,1.4,107,0,0.212,88.3,88.3,"Sep",3
"HT033",2022-09-17,"Night","Ore_HighGrade",241.4,860.4,90.1,2.3,73,1,0.281,80.8,80.8,"Sep",3
"HT002",2022-09-18,"Night","Ore_HighGrade",263,698.2,56.3,0.2,72,0,0.377,98.3,98.3,"Sep",3
"HT004",2022-09-19,"Day","Waste",309.6,607,77.3,0.9,39,0,0.51,92.5,92.5,"Sep",3
"HT010",2022-09-20,"Night","Ore_LowGrade",290.5,845.9,66.1,0.6,118,0,0.343,95,95,"Sep",3
"HT033",2022-09-21,"Day","Ore_LowGrade",366.7,673.1,76.6,0.5,107,0,0.545,95.8,95.8,"Sep",3
"HT005",2022-09-22,"Day","Waste",374.4,765.8,111.7,0.9,77,0,0.489,92.5,92.5,"Sep",3
"HT025",2022-09-23,"Day","Waste",343,543.3,114.5,2.4,71,0,0.631,80,80,"Sep",3
"HT008",2022-09-24,"Night","Waste",279.5,887.5,98.9,0.6,54,0,0.315,95,95,"Sep",3
"HT025",2022-09-25,"Night","Ore_LowGrade",300.5,1112,85.9,0.5,8,0,0.27,95.8,95.8,"Sep",3
"HT021",2022-09-26,"Night","Ore_HighGrade",292.8,803.5,109.5,0.6,50,1,0.364,95,95,"Sep",3
"HT045",2022-09-27,"Night","Waste",350.1,722,80,0.9,94,0,0.485,92.5,92.5,"Sep",3
"HT018",2022-09-28,"Night","Ore_LowGrade",296.3,824.6,96.6,2.6,95,0,0.359,78.3,78.3,"Sep",3
"HT042",2022-09-29,"Day","Ore_LowGrade",262.4,1036.5,96,1.2,65,0,0.253,90,90,"Sep",3
"HT031",2022-09-30,"Night","Ore_LowGrade",327.6,740.2,134.4,0.3,94,0,0.443,97.5,97.5,"Sep",3
"HT006",2022-10-01,"Night","Ore_LowGrade",191.1,601.2,118.2,0.1,54,0,0.318,99.2,99.2,"Oct",4
"HT007",2022-10-02,"Day","Ore_HighGrade",304.6,720.6,83.4,1.5,69,1,0.423,87.5,87.5,"Oct",4
"HT041",2022-10-03,"Night","Ore_LowGrade",265.6,617.5,112.7,1,104,0,0.43,91.7,91.7,"Oct",4
"HT048",2022-10-04,"Day","Ore_LowGrade",282.5,690.1,84.8,1.2,68,0,0.409,90,90,"Oct",4
"HT017",2022-10-05,"Day","Waste",330,767.1,94.8,1.4,41,1,0.43,88.3,88.3,"Oct",4
"HT045",2022-10-06,"Night","Ore_LowGrade",311.6,1021.2,112.2,1.2,60,0,0.305,90,90,"Oct",4
"HT028",2022-10-07,"Night","Ore_HighGrade",331.2,895.8,52.3,0.6,55,0,0.37,95,95,"Oct",4
"HT040",2022-10-08,"Night","Ore_LowGrade",301.4,723.3,106.1,0.6,63,0,0.417,95,95,"Oct",4
"HT007",2022-10-09,"Day","Waste",258.1,755,89.4,0.5,9,0,0.342,95.8,95.8,"Oct",4
"HT020",2022-10-10,"Day","Ore_HighGrade",249.1,812.3,86.6,0.5,45,0,0.307,95.8,95.8,"Oct",4
"HT018",2022-10-11,"Day","Waste",297.6,717.9,63.7,0.1,110,0,0.415,99.2,99.2,"Oct",4
"HT029",2022-10-12,"Night","Ore_HighGrade",401.1,754,102.5,0.3,119,0,0.532,97.5,97.5,"Oct",4
"HT017",2022-10-13,"Night","Waste",215.1,661.7,81.3,0.7,19,0,0.325,94.2,94.2,"Oct",4
"HT033",2022-10-14,"Night","Waste",308.4,789.7,133.4,1.1,73,0,0.391,90.8,90.8,"Oct",4
"HT002",2022-10-15,"Night","Ore_LowGrade",273.9,950.3,105.8,0.6,27,0,0.288,95,95,"Oct",4
"HT049",2022-10-16,"Night","Waste",263.4,889.5,80.9,1.1,82,0,0.296,90.8,90.8,"Oct",4
"HT002",2022-10-17,"Day","Waste",327.8,832.3,108.7,1.3,112,0,0.394,89.2,89.2,"Oct",4
"HT013",2022-10-18,"Night","Ore_HighGrade",288,1016.6,101.3,1,60,0,0.283,91.7,91.7,"Oct",4
"HT024",2022-10-19,"Night","Waste",368.3,1035.7,122.2,0.6,65,0,0.356,95,95,"Oct",4
"HT049",2022-10-20,"Day","Ore_HighGrade",261.1,358.9,125.1,0.5,99,0,0.728,95.8,95.8,"Oct",4
"HT003",2022-10-21,"Day","Ore_HighGrade",212.8,898.1,79.5,0.9,28,0,0.237,92.5,92.5,"Oct",4
"HT018",2022-10-22,"Night","Ore_LowGrade",239.4,802.1,107.4,1.3,120,0,0.298,89.2,89.2,"Oct",4
"HT002",2022-10-23,"Day","Waste",239,568.1,82.1,1.3,63,0,0.421,89.2,89.2,"Oct",4
"HT037",2022-10-24,"Night","Waste",336.6,1178,103.4,0.7,103,0,0.286,94.2,94.2,"Oct",4
"HT012",2022-10-25,"Day","Waste",305.9,808.4,120.1,4.2,98,0,0.378,65,65,"Oct",4
"HT013",2022-10-26,"Night","Ore_LowGrade",330.3,708.2,124.2,0.3,80,0,0.466,97.5,97.5,"Oct",4
"HT042",2022-10-27,"Night","Ore_HighGrade",312.8,888.6,79.2,1,28,0,0.352,91.7,91.7,"Oct",4
"HT006",2022-10-28,"Day","Ore_HighGrade",347,980.7,88.1,1.8,12,0,0.354,85,85,"Oct",4
"HT042",2022-10-29,"Night","Ore_HighGrade",359.5,772.7,62.6,1.3,11,0,0.465,89.2,89.2,"Oct",4
"HT042",2022-10-30,"Day","Ore_LowGrade",347.6,781,113.8,0.9,119,0,0.445,92.5,92.5,"Oct",4
"HT038",2022-10-31,"Night","Waste",278.6,930.8,114.2,1,120,0,0.299,91.7,91.7,"Oct",4
"HT048",2022-11-01,"Night","Waste",256.3,819.8,112.3,0.7,34,0,0.313,94.2,94.2,"Nov",4
"HT016",2022-11-02,"Day","Ore_HighGrade",327,891.3,105.8,3.6,90,0,0.367,70,70,"Nov",4
"HT035",2022-11-03,"Night","Waste",346.3,781,106.2,0.5,11,0,0.443,95.8,95.8,"Nov",4
"HT036",2022-11-04,"Night","Ore_HighGrade",251.6,697.1,91.5,1,42,1,0.361,91.7,91.7,"Nov",4
"HT027",2022-11-05,"Day","Ore_HighGrade",341.3,688.1,85.1,0.4,37,0,0.496,96.7,96.7,"Nov",4
"HT027",2022-11-06,"Night","Ore_HighGrade",265.3,995.2,93.4,1.2,63,0,0.267,90,90,"Nov",4
"HT035",2022-11-07,"Night","Ore_HighGrade",287.1,832.6,146.3,0.9,7,0,0.345,92.5,92.5,"Nov",4
"HT023",2022-11-08,"Night","Ore_HighGrade",274.5,1037.4,105.7,0.4,92,1,0.265,96.7,96.7,"Nov",4
"HT003",2022-11-09,"Night","Ore_LowGrade",279.5,1047.1,93.4,1,110,1,0.267,91.7,91.7,"Nov",4
"HT031",2022-11-10,"Day","Ore_LowGrade",167.2,702.8,106.1,0.3,16,0,0.238,97.5,97.5,"Nov",4
"HT048",2022-11-11,"Night","Ore_HighGrade",312.6,796.2,91.2,1.1,23,0,0.393,90.8,90.8,"Nov",4
"HT002",2022-11-12,"Night","Ore_LowGrade",253.4,1026.3,125.9,0.2,120,0,0.247,98.3,98.3,"Nov",4
"HT047",2022-11-13,"Night","Ore_HighGrade",268.7,777.4,117.1,0.8,6,0,0.346,93.3,93.3,"Nov",4
"HT023",2022-11-14,"Day","Waste",244.9,881.5,60.7,1.2,85,0,0.278,90,90,"Nov",4
"HT003",2022-11-15,"Day","Waste",293.8,787.1,88.2,2.3,43,1,0.373,80.8,80.8,"Nov",4
"HT009",2022-11-16,"Day","Ore_LowGrade",285.5,941,71.4,0.3,78,0,0.303,97.5,97.5,"Nov",4
"HT039",2022-11-17,"Night","Ore_LowGrade",347.2,843.5,100,1.4,60,0,0.412,88.3,88.3,"Nov",4
"HT030",2022-11-18,"Night","Waste",335.5,774.7,99.6,2.3,91,0,0.433,80.8,80.8,"Nov",4
"HT031",2022-11-19,"Night","Ore_HighGrade",325,803.5,116.3,2.8,40,0,0.404,76.7,76.7,"Nov",4
"HT030",2022-11-20,"Day","Waste",196.7,766,76.6,0.2,16,0,0.257,98.3,98.3,"Nov",4
"HT009",2022-11-21,"Day","Ore_LowGrade",315.7,801.4,74.7,0.5,75,0,0.394,95.8,95.8,"Nov",4
"HT036",2022-11-22,"Day","Waste",203.1,498.1,94.5,1.1,27,0,0.408,90.8,90.8,"Nov",4
"HT034",2022-11-23,"Day","Ore_HighGrade",418.9,701.3,67.8,0.7,61,0,0.597,94.2,94.2,"Nov",4
"HT022",2022-11-24,"Night","Ore_HighGrade",304.8,863.2,117,1,10,0,0.353,91.7,91.7,"Nov",4
"HT044",2022-11-25,"Night","Ore_LowGrade",238.6,844.7,91.4,0.5,6,0,0.282,95.8,95.8,"Nov",4
"HT041",2022-11-26,"Day","Waste",300,868.8,72.6,1.2,72,0,0.345,90,90,"Nov",4
"HT028",2022-11-27,"Night","Ore_LowGrade",309.1,947.7,92.6,1.4,115,0,0.326,88.3,88.3,"Nov",4
"HT029",2022-11-28,"Day","Ore_LowGrade",353,810.6,113.7,2.2,6,0,0.435,81.7,81.7,"Nov",4
"HT043",2022-11-29,"Night","Ore_HighGrade",358.3,774.2,125.1,0.7,81,0,0.463,94.2,94.2,"Nov",4
"HT039",2022-11-30,"Day","Ore_HighGrade",108.7,612.4,127.1,0.7,22,0,0.177,94.2,94.2,"Nov",4
"HT045",2022-12-01,"Night","Waste",348.7,1052.8,107.9,0.3,74,0,0.331,97.5,97.5,"Dec",4
"HT037",2022-12-02,"Night","Ore_HighGrade",206.3,749.7,108.4,2.4,118,0,0.275,80,80,"Dec",4
"HT043",2022-12-03,"Day","Ore_LowGrade",334.8,775,111.8,1.1,43,0,0.432,90.8,90.8,"Dec",4
"HT033",2022-12-04,"Day","Ore_HighGrade",222.4,897.1,140.6,0.8,113,1,0.248,93.3,93.3,"Dec",4
"HT019",2022-12-05,"Night","Ore_HighGrade",289.1,796.6,78.5,1.8,66,0,0.363,85,85,"Dec",4
"HT012",2022-12-06,"Day","Waste",310,825.5,109.6,0.5,95,0,0.376,95.8,95.8,"Dec",4
"HT034",2022-12-07,"Night","Ore_HighGrade",412.2,565.9,92.8,1.4,110,0,0.728,88.3,88.3,"Dec",4
"HT021",2022-12-08,"Day","Waste",270.1,939.7,124.5,1.8,60,0,0.287,85,85,"Dec",4
"HT017",2022-12-09,"Night","Waste",418.8,681.1,135.3,0,117,0,0.615,100,100,"Dec",4
"HT012",2022-12-10,"Day","Ore_LowGrade",228.9,638.9,63.6,0.9,52,0,0.358,92.5,92.5,"Dec",4
"HT030",2022-12-11,"Day","Ore_HighGrade",279.1,912.5,66.9,0.5,65,0,0.306,95.8,95.8,"Dec",4
"HT035",2022-12-12,"Night","Ore_HighGrade",266.4,941.2,89.1,0.8,107,0,0.283,93.3,93.3,"Dec",4
"HT030",2022-12-13,"Day","Waste",253,752.8,99.3,0.5,31,0,0.336,95.8,95.8,"Dec",4
"HT025",2022-12-14,"Day","Waste",325,716.8,85.2,0.8,11,1,0.453,93.3,93.3,"Dec",4
"HT050",2022-12-15,"Night","Ore_LowGrade",324.8,780.7,93.1,1.8,25,0,0.416,85,85,"Dec",4
"HT047",2022-12-16,"Day","Ore_HighGrade",185.4,881.9,86,1.4,115,0,0.21,88.3,88.3,"Dec",4
"HT003",2022-12-17,"Night","Waste",251.9,999.6,141.4,0.4,93,0,0.252,96.7,96.7,"Dec",4
"HT018",2022-12-18,"Night","Waste",215.7,934.6,82.8,0.7,9,0,0.231,94.2,94.2,"Dec",4
"HT032",2022-12-19,"Night","Ore_LowGrade",361,1059.4,95.4,1.1,52,0,0.341,90.8,90.8,"Dec",4
"HT017",2022-12-20,"Night","Ore_LowGrade",342.9,631.1,96.2,0.7,101,0,0.543,94.2,94.2,"Dec",4
"HT038",2022-12-21,"Night","Ore_HighGrade",324.8,639.3,124.4,2.2,15,0,0.508,81.7,81.7,"Dec",4
"HT042",2022-12-22,"Night","Ore_HighGrade",394.8,860.8,89.3,0.4,94,0,0.459,96.7,96.7,"Dec",4
"HT040",2022-12-23,"Day","Waste",302.3,801.9,74.6,1,35,0,0.377,91.7,91.7,"Dec",4
"HT042",2022-12-24,"Night","Ore_LowGrade",316.2,687.5,122.6,0.2,83,0,0.46,98.3,98.3,"Dec",4
"HT032",2022-12-25,"Day","Waste",245.1,711.7,127.1,0.3,83,0,0.344,97.5,97.5,"Dec",4
"HT026",2022-12-26,"Day","Ore_HighGrade",406,992.6,65,1.6,50,0,0.409,86.7,86.7,"Dec",4
"HT013",2022-12-27,"Night","Ore_HighGrade",289.6,634.5,94.2,1.5,39,1,0.456,87.5,87.5,"Dec",4
"HT020",2022-12-28,"Day","Ore_HighGrade",270.6,593.8,98,1.6,16,0,0.456,86.7,86.7,"Dec",4
"HT038",2022-12-29,"Day","Ore_HighGrade",275.8,565.1,99.2,1.5,115,1,0.488,87.5,87.5,"Dec",4
"HT020",2022-12-30,"Day","Waste",411.5,800.1,91.5,0.7,27,0,0.514,94.2,94.2,"Dec",4
"HT029",2022-12-31,"Day","Ore_LowGrade",247.3,974.1,82.4,0.6,92,0,0.254,95,95,"Dec",4
"HT020",2023-01-01,"Night","Ore_HighGrade",323.3,993.2,121.4,1.5,39,0,0.326,87.5,87.5,"Jan",1
"HT030",2023-01-02,"Day","Waste",290.3,993.5,93.6,2.5,47,0,0.292,79.2,79.2,"Jan",1
"HT041",2023-01-03,"Day","Ore_HighGrade",348.3,761,99.4,1.2,52,0,0.458,90,90,"Jan",1
"HT048",2023-01-04,"Day","Ore_HighGrade",343.4,810.8,84.9,0.3,13,1,0.424,97.5,97.5,"Jan",1
"HT008",2023-01-05,"Night","Ore_LowGrade",246.2,886,118.7,0.3,38,0,0.278,97.5,97.5,"Jan",1
"HT039",2023-01-06,"Night","Waste",180.2,952,88.1,0.9,46,0,0.189,92.5,92.5,"Jan",1
"HT010",2023-01-07,"Night","Waste",392.3,612,104.9,0.8,99,0,0.641,93.3,93.3,"Jan",1
"HT017",2023-01-08,"Day","Waste",407.2,871.7,120.3,1.1,70,0,0.467,90.8,90.8,"Jan",1
"HT018",2023-01-09,"Night","Ore_HighGrade",267.5,908.6,91.9,1.1,20,0,0.294,90.8,90.8,"Jan",1
"HT040",2023-01-10,"Day","Ore_LowGrade",381.4,1028.3,64.3,1.3,104,0,0.371,89.2,89.2,"Jan",1
"HT042",2023-01-11,"Day","Ore_HighGrade",331.3,737,100.8,1.3,94,0,0.45,89.2,89.2,"Jan",1
"HT011",2023-01-12,"Day","Ore_HighGrade",288.5,1072.8,74.7,2,113,0,0.269,83.3,83.3,"Jan",1
"HT049",2023-01-13,"Night","Ore_LowGrade",336.4,688.2,132.7,1.3,90,1,0.489,89.2,89.2,"Jan",1
"HT044",2023-01-14,"Day","Ore_LowGrade",299.8,740.9,114,0.7,101,0,0.405,94.2,94.2,"Jan",1
"HT002",2023-01-15,"Day","Ore_LowGrade",334.1,1069.2,96.3,0.8,47,2,0.312,93.3,93.3,"Jan",1
"HT019",2023-01-16,"Day","Ore_HighGrade",313.3,867.9,96.5,1,63,0,0.361,91.7,91.7,"Jan",1
"HT013",2023-01-17,"Night","Waste",322.1,706.3,112.9,1.8,89,0,0.456,85,85,"Jan",1
"HT013",2023-01-18,"Night","Ore_HighGrade",292,748.9,127.1,0.8,22,0,0.39,93.3,93.3,"Jan",1
"HT031",2023-01-19,"Night","Ore_LowGrade",315.1,807.9,102.8,0.9,119,1,0.39,92.5,92.5,"Jan",1
"HT030",2023-01-20,"Day","Ore_LowGrade",371.6,800.7,115.2,0.1,68,0,0.464,99.2,99.2,"Jan",1
"HT022",2023-01-21,"Night","Ore_LowGrade",338,691.6,102.2,0.3,65,0,0.489,97.5,97.5,"Jan",1
"HT030",2023-01-22,"Night","Ore_HighGrade",322.9,986.8,126.4,2.5,7,0,0.327,79.2,79.2,"Jan",1
"HT010",2023-01-23,"Night","Ore_HighGrade",312.4,923.8,146.2,0.5,31,0,0.338,95.8,95.8,"Jan",1
"HT016",2023-01-24,"Day","Waste",299.4,601.2,79,1.2,93,0,0.498,90,90,"Jan",1
"HT005",2023-01-25,"Night","Ore_HighGrade",226,781.2,75.5,1.1,45,0,0.289,90.8,90.8,"Jan",1
"HT036",2023-01-26,"Day","Ore_LowGrade",256,657.4,56.2,0.8,92,0,0.389,93.3,93.3,"Jan",1
"HT050",2023-01-27,"Night","Ore_HighGrade",349.9,680,105.8,0.3,120,0,0.515,97.5,97.5,"Jan",1
"HT033",2023-01-28,"Day","Waste",310.4,831.3,85.6,1.1,12,0,0.373,90.8,90.8,"Jan",1
"HT016",2023-01-29,"Day","Ore_HighGrade",274.6,698.8,122.1,0.4,39,0,0.393,96.7,96.7,"Jan",1
"HT028",2023-01-30,"Night","Ore_HighGrade",332.7,683.4,60.2,1.3,70,0,0.487,89.2,89.2,"Jan",1
"HT049",2023-01-31,"Night","Ore_LowGrade",249.5,734,104,1.4,19,0,0.34,88.3,88.3,"Jan",1
"HT012",2023-02-01,"Day","Ore_HighGrade",310.2,1055.2,108.2,0.7,93,0,0.294,94.2,94.2,"Feb",1
"HT028",2023-02-02,"Day","Ore_HighGrade",258.3,1099,71,0.4,9,0,0.235,96.7,96.7,"Feb",1
"HT002",2023-02-03,"Night","Waste",268.7,895,56.7,0.4,119,0,0.3,96.7,96.7,"Feb",1
"HT050",2023-02-04,"Day","Waste",325.6,711,105.5,1.5,51,0,0.458,87.5,87.5,"Feb",1
"HT012",2023-02-05,"Night","Waste",270,688.2,69.6,0.4,118,0,0.392,96.7,96.7,"Feb",1
"HT047",2023-02-06,"Night","Waste",295.3,740,77.9,1.7,54,0,0.399,85.8,85.8,"Feb",1
"HT006",2023-02-07,"Night","Ore_HighGrade",315.6,675.4,89.2,1.1,73,0,0.467,90.8,90.8,"Feb",1
"HT016",2023-02-08,"Day","Ore_HighGrade",243.6,890.5,112.1,1.9,35,0,0.274,84.2,84.2,"Feb",1
"HT015",2023-02-09,"Day","Ore_HighGrade",418.9,734.1,72,0.7,109,0,0.571,94.2,94.2,"Feb",1
"HT019",2023-02-10,"Night","Ore_LowGrade",352.3,419.4,81.3,0.5,26,1,0.84,95.8,95.8,"Feb",1
"HT003",2023-02-11,"Day","Ore_HighGrade",314.9,622.5,69.9,0.4,33,1,0.506,96.7,96.7,"Feb",1
"HT046",2023-02-12,"Night","Ore_HighGrade",210.6,1096.2,93.4,0.1,44,0,0.192,99.2,99.2,"Feb",1
"HT033",2023-02-13,"Day","Ore_HighGrade",350.2,979.4,83.1,2.1,50,0,0.358,82.5,82.5,"Feb",1
"HT033",2023-02-14,"Day","Waste",362.2,802,129.8,0.6,22,0,0.452,95,95,"Feb",1
"HT048",2023-02-15,"Day","Ore_LowGrade",325.6,798.3,103,2,111,0,0.408,83.3,83.3,"Feb",1
"HT011",2023-02-16,"Day","Ore_HighGrade",323.7,802.5,138.2,0.4,77,1,0.403,96.7,96.7,"Feb",1
"HT036",2023-02-17,"Night","Waste",274.2,818,92.8,1,38,0,0.335,91.7,91.7,"Feb",1
"HT044",2023-02-18,"Night","Waste",217,814.4,115,0.3,55,0,0.266,97.5,97.5,"Feb",1
"HT045",2023-02-19,"Day","Ore_HighGrade",311.2,697.5,97.3,0.9,108,0,0.446,92.5,92.5,"Feb",1
"HT010",2023-02-20,"Day","Ore_LowGrade",390.4,609.6,89,1.3,48,0,0.64,89.2,89.2,"Feb",1
"HT042",2023-02-21,"Night","Ore_LowGrade",309.5,604.6,129.9,0.7,113,0,0.512,94.2,94.2,"Feb",1
"HT024",2023-02-22,"Night","Ore_HighGrade",241.9,640.9,126.9,1.6,20,0,0.377,86.7,86.7,"Feb",1
"HT028",2023-02-23,"Night","Ore_LowGrade",450.9,767.9,89.4,2.9,48,0,0.587,75.8,75.8,"Feb",1
"HT039",2023-02-24,"Day","Ore_HighGrade",280.7,832.5,73.8,0.7,55,1,0.337,94.2,94.2,"Feb",1
"HT018",2023-02-25,"Day","Ore_LowGrade",328.1,911.1,103.7,0.3,98,0,0.36,97.5,97.5,"Feb",1
"HT017",2023-02-26,"Day","Ore_HighGrade",344.3,912.1,135.2,2.1,9,0,0.377,82.5,82.5,"Feb",1
"HT020",2023-02-27,"Day","Ore_LowGrade",282.2,850.4,122,0.9,99,0,0.332,92.5,92.5,"Feb",1
"HT009",2023-02-28,"Night","Ore_HighGrade",312.5,876.4,57.9,0.7,27,0,0.357,94.2,94.2,"Feb",1
"HT011",2023-03-01,"Night","Ore_HighGrade",281.5,712.8,57.5,0.9,53,1,0.395,92.5,92.5,"Mar",1
"HT044",2023-03-02,"Night","Ore_HighGrade",302.1,771.6,103.5,0.5,84,0,0.392,95.8,95.8,"Mar",1
"HT008",2023-03-03,"Day","Waste",360.9,773.2,121.1,0.4,108,0,0.467,96.7,96.7,"Mar",1
"HT050",2023-03-04,"Day","Waste",347.9,857.6,96.8,3.3,85,0,0.406,72.5,72.5,"Mar",1
"HT005",2023-03-05,"Day","Ore_LowGrade",278.2,690.7,88.3,0.7,8,0,0.403,94.2,94.2,"Mar",1
"HT029",2023-03-06,"Day","Ore_HighGrade",372,983.1,132,0.5,57,0,0.378,95.8,95.8,"Mar",1
"HT050",2023-03-07,"Day","Ore_LowGrade",340.8,721.3,138.4,0.2,89,0,0.472,98.3,98.3,"Mar",1
"HT006",2023-03-08,"Night","Waste",212.1,786.5,102.6,0.3,59,0,0.27,97.5,97.5,"Mar",1
"HT010",2023-03-09,"Night","Ore_LowGrade",297.6,566.8,96.1,0.6,68,0,0.525,95,95,"Mar",1
"HT026",2023-03-10,"Day","Waste",374.7,789.7,105.8,0.2,10,0,0.474,98.3,98.3,"Mar",1
"HT009",2023-03-11,"Night","Ore_LowGrade",142.7,944.2,93.3,1.2,81,0,0.151,90,90,"Mar",1
"HT011",2023-03-12,"Night","Ore_HighGrade",273.3,839.4,82.5,2.3,63,0,0.326,80.8,80.8,"Mar",1
"HT006",2023-03-13,"Day","Waste",347.6,809.6,68.4,1.6,38,0,0.429,86.7,86.7,"Mar",1
"HT032",2023-03-14,"Day","Ore_HighGrade",323.5,844.4,91.1,1.1,73,0,0.383,90.8,90.8,"Mar",1
"HT012",2023-03-15,"Day","Ore_LowGrade",255.2,908.1,113.3,0.6,113,0,0.281,95,95,"Mar",1
"HT019",2023-03-16,"Night","Ore_LowGrade",326.8,751.2,138,0.4,11,0,0.435,96.7,96.7,"Mar",1
"HT027",2023-03-17,"Day","Ore_LowGrade",262.5,596.8,98.5,1.2,48,0,0.44,90,90,"Mar",1
"HT032",2023-03-18,"Day","Ore_LowGrade",247.6,885.5,114.3,0.7,104,0,0.28,94.2,94.2,"Mar",1
"HT027",2023-03-19,"Day","Waste",190,678.9,114.1,1.3,60,0,0.28,89.2,89.2,"Mar",1
"HT030",2023-03-20,"Night","Ore_LowGrade",342.5,946.3,109.6,0.5,18,0,0.362,95.8,95.8,"Mar",1
"HT004",2023-03-21,"Night","Waste",312.1,954.2,100,1.2,86,0,0.327,90,90,"Mar",1
"HT024",2023-03-22,"Night","Waste",313.5,698.6,100.9,1.4,119,0,0.449,88.3,88.3,"Mar",1
"HT028",2023-03-23,"Day","Ore_HighGrade",381.2,560.4,108.2,1.7,115,0,0.68,85.8,85.8,"Mar",1
"HT003",2023-03-24,"Night","Ore_HighGrade",241.1,980.6,95.8,1.3,77,0,0.246,89.2,89.2,"Mar",1
"HT046",2023-03-25,"Day","Ore_LowGrade",272.7,1052.7,79,0.4,98,0,0.259,96.7,96.7,"Mar",1
"HT040",2023-03-26,"Day","Ore_HighGrade",259.5,917.5,86,1.2,38,0,0.283,90,90,"Mar",1
"HT006",2023-03-27,"Day","Ore_HighGrade",294.1,705.8,122.1,2.8,8,0,0.417,76.7,76.7,"Mar",1
"HT036",2023-03-28,"Day","Waste",412.2,687.1,91,0.2,86,0,0.6,98.3,98.3,"Mar",1
"HT042",2023-03-29,"Night","Waste",355.3,889.1,95.2,2.3,115,0,0.4,80.8,80.8,"Mar",1
"HT048",2023-03-30,"Day","Ore_LowGrade",254.6,957.4,131.8,0.8,27,0,0.266,93.3,93.3,"Mar",1
"HT030",2023-03-31,"Night","Ore_HighGrade",330.5,820.9,110.7,0.5,118,0,0.403,95.8,95.8,"Mar",1
"HT048",2023-04-01,"Day","Waste",245.8,712.4,86.9,0.7,18,0,0.345,94.2,94.2,"Apr",2
"HT010",2023-04-02,"Night","Ore_LowGrade",252,1057.1,127.1,2,68,0,0.238,83.3,83.3,"Apr",2
"HT025",2023-04-03,"Night","Ore_LowGrade",332.2,784,105,0.7,57,0,0.424,94.2,94.2,"Apr",2
"HT038",2023-04-04,"Day","Ore_LowGrade",353,803.5,105.9,0.8,56,0,0.439,93.3,93.3,"Apr",2
"HT036",2023-04-05,"Night","Ore_LowGrade",284.4,964.1,116.3,1.1,94,0,0.295,90.8,90.8,"Apr",2
"HT041",2023-04-06,"Day","Ore_HighGrade",205.9,785.2,99.9,0.5,13,0,0.262,95.8,95.8,"Apr",2
"HT025",2023-04-07,"Night","Ore_HighGrade",327.6,1028.2,99,1,59,0,0.319,91.7,91.7,"Apr",2
"HT004",2023-04-08,"Night","Ore_HighGrade",319,761.8,106.2,1.6,28,0,0.419,86.7,86.7,"Apr",2
"HT015",2023-04-09,"Day","Waste",337.3,880.2,93.1,0.8,26,0,0.383,93.3,93.3,"Apr",2
"HT022",2023-04-10,"Night","Ore_LowGrade",222.4,718.6,91.8,1.9,12,0,0.309,84.2,84.2,"Apr",2
"HT049",2023-04-11,"Night","Ore_LowGrade",358,799.7,118.9,0.3,26,0,0.448,97.5,97.5,"Apr",2
"HT024",2023-04-12,"Day","Waste",313.9,913.7,114.4,1.3,102,0,0.344,89.2,89.2,"Apr",2
"HT039",2023-04-13,"Day","Ore_LowGrade",217,828.4,101.3,0.9,39,0,0.262,92.5,92.5,"Apr",2
"HT047",2023-04-14,"Day","Waste",300.2,806.7,120.2,1.2,38,0,0.372,90,90,"Apr",2
"HT037",2023-04-15,"Night","Waste",305.9,519.6,67,1.3,21,0,0.589,89.2,89.2,"Apr",2
"HT046",2023-04-16,"Day","Ore_LowGrade",349.3,850.4,68.6,0.4,101,0,0.411,96.7,96.7,"Apr",2
"HT047",2023-04-17,"Day","Waste",218.6,1150.2,97.2,1.1,46,0,0.19,90.8,90.8,"Apr",2
"HT015",2023-04-18,"Day","Ore_LowGrade",347,912.8,96,0.4,22,0,0.38,96.7,96.7,"Apr",2
"HT016",2023-04-19,"Night","Ore_HighGrade",300.6,1213.7,120.2,1.4,62,0,0.248,88.3,88.3,"Apr",2
"HT019",2023-04-20,"Day","Ore_HighGrade",315.8,1076.5,91.8,2,30,0,0.293,83.3,83.3,"Apr",2
"HT008",2023-04-21,"Day","Ore_HighGrade",261.8,902.3,70.3,1.1,35,0,0.29,90.8,90.8,"Apr",2
"HT031",2023-04-22,"Night","Ore_HighGrade",281.6,943.2,104.4,0.2,103,0,0.299,98.3,98.3,"Apr",2
"HT037",2023-04-23,"Night","Ore_LowGrade",287.4,421.6,81.7,1.9,77,0,0.682,84.2,84.2,"Apr",2
"HT039",2023-04-24,"Night","Ore_LowGrade",265.9,1016.5,118.3,1.5,43,1,0.262,87.5,87.5,"Apr",2
"HT048",2023-04-25,"Day","Ore_HighGrade",291.5,851.7,70.8,1.5,67,0,0.342,87.5,87.5,"Apr",2
"HT016",2023-04-26,"Day","Ore_HighGrade",288.5,1051.6,59.7,0.2,51,0,0.274,98.3,98.3,"Apr",2
"HT009",2023-04-27,"Day","Ore_HighGrade",271,679.9,96.1,0.9,68,0,0.399,92.5,92.5,"Apr",2
"HT011",2023-04-28,"Night","Waste",306.6,863.2,85.4,0.6,67,0,0.355,95,95,"Apr",2
"HT043",2023-04-29,"Day","Ore_LowGrade",376.9,829.1,138.8,0.6,41,0,0.455,95,95,"Apr",2
"HT030",2023-04-30,"Day","Ore_HighGrade",292.1,1031.6,81.5,1.4,64,0,0.283,88.3,88.3,"Apr",2
"HT010",2023-05-01,"Day","Ore_HighGrade",210.5,715,96.8,0.3,12,0,0.294,97.5,97.5,"May",2
"HT034",2023-05-02,"Day","Waste",276.7,786.4,106.2,4,59,0,0.352,66.7,66.7,"May",2
"HT038",2023-05-03,"Day","Ore_HighGrade",343.8,675.2,114.7,1.2,57,0,0.509,90,90,"May",2
"HT020",2023-05-04,"Night","Waste",232.8,770.7,90.5,2.4,35,1,0.302,80,80,"May",2
"HT046",2023-05-05,"Day","Ore_HighGrade",253.2,849.4,129.3,0.9,85,0,0.298,92.5,92.5,"May",2
"HT014",2023-05-06,"Night","Ore_LowGrade",210.6,791.9,79.7,1.4,95,0,0.266,88.3,88.3,"May",2
"HT006",2023-05-07,"Night","Ore_LowGrade",346.1,733.1,117.3,0.4,33,1,0.472,96.7,96.7,"May",2
"HT018",2023-05-08,"Day","Waste",284,992,108.5,0.7,56,0,0.286,94.2,94.2,"May",2
"HT002",2023-05-09,"Day","Waste",369.9,759.2,78.2,1.1,39,0,0.487,90.8,90.8,"May",2
"HT008",2023-05-10,"Night","Ore_HighGrade",372.1,557.5,98.8,1.3,117,0,0.667,89.2,89.2,"May",2
"HT011",2023-05-11,"Night","Waste",310.2,669.1,128.8,0.8,82,1,0.464,93.3,93.3,"May",2
"HT021",2023-05-12,"Night","Ore_HighGrade",287.3,776.3,87,1.1,11,0,0.37,90.8,90.8,"May",2
"HT007",2023-05-13,"Night","Waste",291.3,580.7,86.8,1.2,54,0,0.502,90,90,"May",2
"HT023",2023-05-14,"Day","Waste",325.9,769.2,121.3,0.1,47,1,0.424,99.2,99.2,"May",2
"HT008",2023-05-15,"Day","Ore_LowGrade",352.6,786,91.6,0.7,104,0,0.449,94.2,94.2,"May",2
"HT010",2023-05-16,"Night","Ore_HighGrade",295.6,601.3,96.8,1.2,116,0,0.492,90,90,"May",2
"HT037",2023-05-17,"Day","Ore_LowGrade",378.1,809.1,117.3,0.6,109,0,0.467,95,95,"May",2
"HT017",2023-05-18,"Day","Waste",348.3,805.8,103.4,0.3,17,0,0.432,97.5,97.5,"May",2
"HT006",2023-05-19,"Day","Ore_HighGrade",297.5,941,90.6,0.1,22,0,0.316,99.2,99.2,"May",2
"HT040",2023-05-20,"Day","Ore_HighGrade",221.4,808,129.9,0.6,74,0,0.274,95,95,"May",2
"HT006",2023-05-21,"Night","Waste",283.9,732.1,91.2,2.8,81,0,0.388,76.7,76.7,"May",2
"HT047",2023-05-22,"Day","Waste",228,857.9,116.2,0.4,72,0,0.266,96.7,96.7,"May",2
"HT028",2023-05-23,"Night","Waste",331.3,881,112.6,2.8,29,0,0.376,76.7,76.7,"May",2
"HT032",2023-05-24,"Night","Ore_LowGrade",329.9,737.8,91.4,0.5,23,0,0.447,95.8,95.8,"May",2
"HT049",2023-05-25,"Night","Ore_LowGrade",314.1,706.5,151.2,0.7,27,0,0.445,94.2,94.2,"May",2
"HT035",2023-05-26,"Night","Ore_HighGrade",315.3,751.6,94.5,0.3,29,1,0.42,97.5,97.5,"May",2
"HT028",2023-05-27,"Day","Ore_HighGrade",300.9,687.3,65.6,0.9,10,1,0.438,92.5,92.5,"May",2
"HT047",2023-05-28,"Night","Ore_HighGrade",281.9,622.5,96.4,1.7,74,0,0.453,85.8,85.8,"May",2
"HT020",2023-05-29,"Night","Ore_HighGrade",256.1,875.3,106.5,0.7,46,0,0.293,94.2,94.2,"May",2
"HT001",2023-05-30,"Night","Ore_LowGrade",185.1,762.3,120.4,1.1,92,0,0.243,90.8,90.8,"May",2
"HT005",2023-05-31,"Day","Ore_HighGrade",301.2,811,114.2,0.5,100,0,0.371,95.8,95.8,"May",2
"HT011",2023-06-01,"Day","Ore_LowGrade",302.6,1120.8,88.8,0.1,53,0,0.27,99.2,99.2,"Jun",2
"HT047",2023-06-02,"Night","Ore_LowGrade",492.6,797.2,142.5,1.3,32,0,0.618,89.2,89.2,"Jun",2
"HT020",2023-06-03,"Night","Waste",383.5,650.8,133.7,0.5,47,0,0.589,95.8,95.8,"Jun",2
"HT002",2023-06-04,"Day","Ore_LowGrade",331.6,718.4,89.4,0.6,16,0,0.462,95,95,"Jun",2
"HT048",2023-06-05,"Night","Ore_HighGrade",259.2,790.9,67.1,1.6,95,0,0.328,86.7,86.7,"Jun",2
"HT010",2023-06-06,"Day","Ore_LowGrade",235.3,772.3,84.8,0.8,118,0,0.305,93.3,93.3,"Jun",2
"HT049",2023-06-07,"Day","Ore_LowGrade",335,561.2,111.7,0.3,8,0,0.597,97.5,97.5,"Jun",2
"HT007",2023-06-08,"Night","Ore_HighGrade",250.3,823.1,87.4,2.7,117,0,0.304,77.5,77.5,"Jun",2
"HT038",2023-06-09,"Night","Waste",342.6,844.6,115.9,0.2,37,0,0.406,98.3,98.3,"Jun",2
"HT044",2023-06-10,"Day","Waste",316.7,807.4,79.9,1.6,18,0,0.392,86.7,86.7,"Jun",2
"HT036",2023-06-11,"Day","Waste",266.1,513.9,75.1,1.3,110,0,0.518,89.2,89.2,"Jun",2
"HT023",2023-06-12,"Night","Ore_LowGrade",279.3,896.6,112.4,3.1,72,0,0.312,74.2,74.2,"Jun",2
"HT034",2023-06-13,"Night","Waste",309,924.8,102,1.4,105,0,0.334,88.3,88.3,"Jun",2
"HT024",2023-06-14,"Day","Waste",273.3,841.3,93.2,0.4,56,0,0.325,96.7,96.7,"Jun",2
"HT004",2023-06-15,"Day","Waste",302.8,897.7,97.3,1.4,97,1,0.337,88.3,88.3,"Jun",2
"HT029",2023-06-16,"Day","Ore_HighGrade",275.1,614,92.2,1.5,110,0,0.448,87.5,87.5,"Jun",2
"HT023",2023-06-17,"Day","Ore_LowGrade",373.5,918.9,61.5,0.8,9,0,0.406,93.3,93.3,"Jun",2
"HT011",2023-06-18,"Night","Ore_HighGrade",311.3,787.3,72.1,0.2,38,1,0.395,98.3,98.3,"Jun",2
"HT033",2023-06-19,"Day","Waste",285.9,797.5,114.4,1.2,83,0,0.358,90,90,"Jun",2
"HT050",2023-06-20,"Night","Ore_HighGrade",282.8,1052.7,112.8,1.2,111,0,0.269,90,90,"Jun",2
"HT048",2023-06-21,"Day","Ore_HighGrade",253.7,756.7,154.5,1.3,28,0,0.335,89.2,89.2,"Jun",2
"HT003",2023-06-22,"Day","Ore_LowGrade",374.4,955.2,70.2,0.7,100,0,0.392,94.2,94.2,"Jun",2
"HT033",2023-06-23,"Night","Waste",285.1,498.9,92.2,0.8,56,0,0.571,93.3,93.3,"Jun",2
"HT030",2023-06-24,"Day","Ore_HighGrade",309.8,739.1,99.2,0.7,6,0,0.419,94.2,94.2,"Jun",2
"HT034",2023-06-25,"Day","Ore_LowGrade",319.3,824.4,111.3,2,47,0,0.387,83.3,83.3,"Jun",2
"HT002",2023-06-26,"Day","Waste",272.5,568.9,78.9,2.1,32,0,0.479,82.5,82.5,"Jun",2
"HT040",2023-06-27,"Day","Ore_LowGrade",292.7,946.6,104.4,0.4,87,0,0.309,96.7,96.7,"Jun",2
"HT020",2023-06-28,"Night","Ore_LowGrade",420.9,1078.7,84.1,0.4,104,0,0.39,96.7,96.7,"Jun",2
"HT014",2023-06-29,"Day","Ore_HighGrade",275.9,707.5,100,0.3,37,0,0.39,97.5,97.5,"Jun",2
"HT025",2023-06-30,"Day","Ore_LowGrade",279.1,857.3,68.3,0.5,36,0,0.326,95.8,95.8,"Jun",2
"HT045",2023-07-01,"Day","Ore_LowGrade",363.9,619.9,81.9,0.8,91,0,0.587,93.3,93.3,"Jul",3
"HT007",2023-07-02,"Night","Ore_LowGrade",232.8,1105.7,84.7,1.5,37,0,0.211,87.5,87.5,"Jul",3
"HT040",2023-07-03,"Night","Ore_HighGrade",303.9,913.8,108,0.7,45,0,0.333,94.2,94.2,"Jul",3
"HT035",2023-07-04,"Day","Ore_HighGrade",350.8,732.8,123.2,1.6,72,0,0.479,86.7,86.7,"Jul",3
"HT031",2023-07-05,"Night","Ore_LowGrade",323.6,661.7,82.2,0.8,118,0,0.489,93.3,93.3,"Jul",3
"HT022",2023-07-06,"Day","Ore_HighGrade",342.3,770.8,81.9,1.3,111,0,0.444,89.2,89.2,"Jul",3
"HT016",2023-07-07,"Night","Ore_LowGrade",268.1,766.6,98.9,0.6,11,1,0.35,95,95,"Jul",3
"HT022",2023-07-08,"Day","Waste",345,860,92.8,1,80,0,0.401,91.7,91.7,"Jul",3
"HT029",2023-07-09,"Night","Ore_HighGrade",348.3,647.3,100.8,0.8,66,0,0.538,93.3,93.3,"Jul",3
"HT033",2023-07-10,"Night","Ore_LowGrade",196.8,803.2,88.1,0.2,85,0,0.245,98.3,98.3,"Jul",3
"HT044",2023-07-11,"Day","Ore_LowGrade",333.4,382.7,90,0.6,60,0,0.871,95,95,"Jul",3
"HT050",2023-07-12,"Day","Ore_HighGrade",282.7,979.7,89.8,0.6,21,0,0.289,95,95,"Jul",3
"HT031",2023-07-13,"Day","Ore_HighGrade",282,755.5,96.8,1.3,23,0,0.373,89.2,89.2,"Jul",3
"HT046",2023-07-14,"Night","Ore_LowGrade",304.9,797.9,100.7,0.3,55,0,0.382,97.5,97.5,"Jul",3
"HT008",2023-07-15,"Day","Ore_HighGrade",287.8,933.3,113,0.3,110,0,0.308,97.5,97.5,"Jul",3
"HT024",2023-07-16,"Day","Waste",325.6,686.6,104,1.4,47,0,0.474,88.3,88.3,"Jul",3
"HT030",2023-07-17,"Day","Ore_HighGrade",381.3,722.1,108.7,0.5,70,0,0.528,95.8,95.8,"Jul",3
"HT023",2023-07-18,"Day","Waste",317.5,705.6,81,1.4,67,0,0.45,88.3,88.3,"Jul",3
"HT037",2023-07-19,"Day","Waste",229.9,604.9,98.7,0.7,18,0,0.38,94.2,94.2,"Jul",3
"HT032",2023-07-20,"Day","Waste",345.2,952.1,103,1,106,0,0.363,91.7,91.7,"Jul",3
"HT017",2023-07-21,"Night","Ore_LowGrade",309.1,782.5,75.8,0.6,84,0,0.395,95,95,"Jul",3
"HT026",2023-07-22,"Night","Waste",429.4,703.3,84.9,0.9,89,0,0.611,92.5,92.5,"Jul",3
"HT043",2023-07-23,"Night","Ore_HighGrade",252.7,889.8,90.1,0.2,92,0,0.284,98.3,98.3,"Jul",3
"HT023",2023-07-24,"Day","Ore_LowGrade",304.9,665.8,100.5,1.2,110,0,0.458,90,90,"Jul",3
"HT026",2023-07-25,"Night","Waste",326,633.6,55,1.2,75,0,0.515,90,90,"Jul",3
"HT036",2023-07-26,"Day","Ore_LowGrade",329.6,709.2,126.7,1,18,0,0.465,91.7,91.7,"Jul",3
"HT045",2023-07-27,"Day","Ore_LowGrade",275,803,106.4,0.5,93,0,0.342,95.8,95.8,"Jul",3
"HT008",2023-07-28,"Night","Waste",258.8,669.6,112,1,119,0,0.386,91.7,91.7,"Jul",3
"HT015",2023-07-29,"Night","Waste",363.8,898.3,109.6,0.2,118,0,0.405,98.3,98.3,"Jul",3
"HT036",2023-07-30,"Night","Ore_LowGrade",246.8,611.9,104.3,0.9,101,0,0.403,92.5,92.5,"Jul",3
"HT045",2023-07-31,"Day","Ore_LowGrade",305.4,839,49.3,0.3,56,0,0.364,97.5,97.5,"Jul",3
"HT003",2023-08-01,"Night","Waste",326.7,903.1,100.9,0.6,110,0,0.362,95,95,"Aug",3
"HT039",2023-08-02,"Night","Ore_LowGrade",335.5,598.5,99,1.6,107,0,0.561,86.7,86.7,"Aug",3
"HT033",2023-08-03,"Day","Ore_LowGrade",407.3,493,63.8,4.5,45,0,0.826,62.5,62.5,"Aug",3
"HT038",2023-08-04,"Night","Ore_HighGrade",204.5,1049.1,115.8,1.6,72,0,0.195,86.7,86.7,"Aug",3
"HT045",2023-08-05,"Day","Ore_HighGrade",283,698.5,70.5,0.3,113,0,0.405,97.5,97.5,"Aug",3
"HT026",2023-08-06,"Night","Ore_HighGrade",196.7,739.6,93,1.3,41,0,0.266,89.2,89.2,"Aug",3
"HT028",2023-08-07,"Day","Ore_LowGrade",249.8,956.7,68.1,2.9,53,0,0.261,75.8,75.8,"Aug",3
"HT026",2023-08-08,"Day","Ore_HighGrade",328.2,921.5,89.8,1,10,0,0.356,91.7,91.7,"Aug",3
"HT017",2023-08-09,"Night","Waste",203,732.1,120.5,2.2,35,0,0.277,81.7,81.7,"Aug",3
"HT023",2023-08-10,"Night","Ore_HighGrade",339.4,561.1,99.2,1.5,41,0,0.605,87.5,87.5,"Aug",3
"HT038",2023-08-11,"Day","Ore_LowGrade",243.5,729.2,93.5,0.6,31,0,0.334,95,95,"Aug",3
"HT010",2023-08-12,"Day","Waste",328.7,846.9,126.3,1,36,0,0.388,91.7,91.7,"Aug",3
"HT045",2023-08-13,"Day","Waste",253.3,965.1,128,1,43,0,0.262,91.7,91.7,"Aug",3
"HT038",2023-08-14,"Night","Ore_LowGrade",279.5,957.6,93.7,1,99,0,0.292,91.7,91.7,"Aug",3
"HT041",2023-08-15,"Day","Ore_HighGrade",307.8,857.5,85.1,1.7,78,0,0.359,85.8,85.8,"Aug",3
"HT008",2023-08-16,"Day","Ore_LowGrade",271.1,716.5,109.8,0.3,95,0,0.378,97.5,97.5,"Aug",3
"HT001",2023-08-17,"Day","Ore_LowGrade",326.8,1165.1,109.5,0.5,87,0,0.28,95.8,95.8,"Aug",3
"HT016",2023-08-18,"Day","Ore_HighGrade",328.4,839.9,123.8,0.1,29,1,0.391,99.2,99.2,"Aug",3
"HT002",2023-08-19,"Night","Ore_HighGrade",288.4,1140.8,78,1,19,0,0.253,91.7,91.7,"Aug",3
"HT040",2023-08-20,"Day","Ore_HighGrade",201.5,807,99.8,0,67,0,0.25,100,100,"Aug",3
"HT014",2023-08-21,"Day","Waste",310.9,757.8,109.3,1.2,82,0,0.41,90,90,"Aug",3
"HT012",2023-08-22,"Night","Ore_LowGrade",214.9,1013.3,83.5,0.6,80,0,0.212,95,95,"Aug",3
"HT026",2023-08-23,"Night","Waste",356.4,953.8,74,1,43,0,0.374,91.7,91.7,"Aug",3
"HT008",2023-08-24,"Day","Ore_LowGrade",313.9,848.4,62.1,1.1,32,0,0.37,90.8,90.8,"Aug",3
"HT041",2023-08-25,"Night","Ore_HighGrade",341.5,586.9,99.1,1,90,0,0.582,91.7,91.7,"Aug",3
"HT008",2023-08-26,"Day","Ore_HighGrade",326.3,533.2,99.2,1.8,61,0,0.612,85,85,"Aug",3
"HT009",2023-08-27,"Night","Waste",299.7,884.5,91,0.4,21,0,0.339,96.7,96.7,"Aug",3
"HT033",2023-08-28,"Day","Ore_HighGrade",289.8,764,98.5,1.4,27,0,0.379,88.3,88.3,"Aug",3
"HT003",2023-08-29,"Night","Ore_HighGrade",273.9,923.5,69.3,0.1,41,0,0.297,99.2,99.2,"Aug",3
"HT040",2023-08-30,"Night","Ore_HighGrade",270.2,899.5,115.8,0.2,24,0,0.3,98.3,98.3,"Aug",3
"HT002",2023-08-31,"Night","Ore_LowGrade",262.3,686.9,103.3,1.1,78,0,0.382,90.8,90.8,"Aug",3
"HT001",2023-09-01,"Day","Ore_LowGrade",370.5,556.9,87.9,1.8,24,0,0.665,85,85,"Sep",3
"HT009",2023-09-02,"Night","Ore_HighGrade",268.1,1076.8,91.7,0.2,116,0,0.249,98.3,98.3,"Sep",3
"HT007",2023-09-03,"Night","Ore_HighGrade",308,886.5,115.9,1,38,1,0.347,91.7,91.7,"Sep",3
"HT013",2023-09-04,"Day","Ore_HighGrade",322.1,1147.2,92.5,0.3,37,1,0.281,97.5,97.5,"Sep",3
"HT029",2023-09-05,"Night","Ore_LowGrade",187.8,878.5,142.2,1.6,109,0,0.214,86.7,86.7,"Sep",3
"HT020",2023-09-06,"Day","Waste",258.9,780.2,120.4,1.1,83,0,0.332,90.8,90.8,"Sep",3
"HT014",2023-09-07,"Night","Waste",250.2,869.2,85.1,3,60,0,0.288,75,75,"Sep",3
"HT016",2023-09-08,"Night","Ore_LowGrade",314.6,813.7,78.5,2,39,0,0.387,83.3,83.3,"Sep",3
"HT007",2023-09-09,"Night","Waste",288.1,493,112.9,1.7,86,0,0.584,85.8,85.8,"Sep",3
"HT036",2023-09-10,"Night","Ore_HighGrade",287.7,956.6,100,0.2,108,0,0.301,98.3,98.3,"Sep",3
"HT045",2023-09-11,"Day","Ore_LowGrade",315.9,703.5,113.4,3.4,27,0,0.449,71.7,71.7,"Sep",3
"HT012",2023-09-12,"Night","Ore_LowGrade",279.6,771.7,80.5,1,96,0,0.362,91.7,91.7,"Sep",3
"HT025",2023-09-13,"Night","Ore_HighGrade",279.6,849.3,101.9,0.6,49,0,0.329,95,95,"Sep",3
"HT027",2023-09-14,"Night","Waste",332.4,807.5,98.7,1.6,54,0,0.412,86.7,86.7,"Sep",3
"HT013",2023-09-15,"Day","Ore_LowGrade",220.3,871.6,119.6,1,60,0,0.253,91.7,91.7,"Sep",3
"HT020",2023-09-16,"Day","Ore_HighGrade",319.7,760,105,1.1,64,0,0.421,90.8,90.8,"Sep",3
"HT010",2023-09-17,"Day","Ore_LowGrade",254.9,507.4,93.1,0.3,39,0,0.502,97.5,97.5,"Sep",3
"HT030",2023-09-18,"Night","Ore_HighGrade",243.4,872,93.8,0.9,82,0,0.279,92.5,92.5,"Sep",3
"HT041",2023-09-19,"Day","Ore_HighGrade",300.3,680.9,103.8,2,17,0,0.441,83.3,83.3,"Sep",3
"HT012",2023-09-20,"Day","Ore_HighGrade",357,870.4,87.5,0.7,10,0,0.41,94.2,94.2,"Sep",3
"HT008",2023-09-21,"Day","Ore_HighGrade",335.3,770.1,104.7,0.5,34,1,0.435,95.8,95.8,"Sep",3
"HT007",2023-09-22,"Night","Ore_LowGrade",249.6,762.3,72,0.6,19,0,0.327,95,95,"Sep",3
"HT015",2023-09-23,"Day","Waste",360.4,953.6,91.6,1,30,0,0.378,91.7,91.7,"Sep",3
"HT019",2023-09-24,"Night","Waste",294.6,870.9,118.5,2.4,86,0,0.338,80,80,"Sep",3
"HT049",2023-09-25,"Day","Ore_HighGrade",327.3,815.2,98.7,1.4,38,0,0.401,88.3,88.3,"Sep",3
"HT043",2023-09-26,"Night","Ore_LowGrade",368.9,836.3,124.2,0.7,29,0,0.441,94.2,94.2,"Sep",3
"HT039",2023-09-27,"Night","Waste",291.8,979,100.3,1,91,0,0.298,91.7,91.7,"Sep",3
"HT023",2023-09-28,"Night","Ore_LowGrade",249.7,953.1,119.7,0.6,110,1,0.262,95,95,"Sep",3
"HT035",2023-09-29,"Day","Ore_HighGrade",332.2,569.9,106.4,0.6,45,0,0.583,95,95,"Sep",3
"HT006",2023-09-30,"Day","Ore_LowGrade",280.9,958.1,88.7,1,86,0,0.293,91.7,91.7,"Sep",3
"HT007",2023-10-01,"Day","Waste",200.8,974.3,117.2,0.4,104,0,0.206,96.7,96.7,"Oct",4
"HT004",2023-10-02,"Day","Ore_LowGrade",319.6,751.4,118.4,2.1,103,0,0.425,82.5,82.5,"Oct",4
"HT010",2023-10-03,"Day","Ore_HighGrade",306,790.6,80.5,1.7,13,0,0.387,85.8,85.8,"Oct",4
"HT017",2023-10-04,"Day","Ore_HighGrade",263,930.4,104.9,0.5,67,0,0.283,95.8,95.8,"Oct",4
"HT048",2023-10-05,"Day","Ore_LowGrade",338,896.2,129.8,1.2,45,0,0.377,90,90,"Oct",4
"HT008",2023-10-06,"Night","Waste",228.5,979,103.3,0.9,19,0,0.233,92.5,92.5,"Oct",4
"HT003",2023-10-07,"Day","Waste",257.8,828.1,113.7,1.7,63,0,0.311,85.8,85.8,"Oct",4
"HT044",2023-10-08,"Day","Ore_LowGrade",315.5,634.4,127.1,2,46,0,0.497,83.3,83.3,"Oct",4
"HT046",2023-10-09,"Day","Ore_HighGrade",247.9,664.6,104,1.5,44,0,0.373,87.5,87.5,"Oct",4
"HT037",2023-10-10,"Day","Ore_LowGrade",290.6,705.7,65.9,1.9,24,0,0.412,84.2,84.2,"Oct",4
"HT014",2023-10-11,"Night","Waste",221.1,558.6,96.2,0.6,114,0,0.396,95,95,"Oct",4
"HT028",2023-10-12,"Night","Ore_LowGrade",359.5,656.6,116.5,0.7,64,0,0.548,94.2,94.2,"Oct",4
"HT006",2023-10-13,"Day","Ore_LowGrade",389,832.1,79.7,1.2,87,0,0.467,90,90,"Oct",4
"HT009",2023-10-14,"Day","Waste",352.8,881.5,93.6,2.1,33,0,0.4,82.5,82.5,"Oct",4
"HT033",2023-10-15,"Night","Ore_LowGrade",372.2,877.8,91.1,2.5,21,0,0.424,79.2,79.2,"Oct",4
"HT046",2023-10-16,"Day","Ore_HighGrade",270.4,991.6,53.3,0.9,25,0,0.273,92.5,92.5,"Oct",4
"HT019",2023-10-17,"Night","Waste",370.7,693.3,116.1,1.3,42,0,0.535,89.2,89.2,"Oct",4
"HT037",2023-10-18,"Day","Ore_LowGrade",322.3,877.8,80.2,1.8,37,0,0.367,85,85,"Oct",4
"HT034",2023-10-19,"Night","Ore_HighGrade",239.6,873.2,73,1.2,67,0,0.274,90,90,"Oct",4
"HT001",2023-10-20,"Day","Waste",283.8,498.3,85.6,0.8,107,0,0.57,93.3,93.3,"Oct",4
"HT028",2023-10-21,"Night","Ore_HighGrade",382.4,875.3,89.4,1.5,19,0,0.437,87.5,87.5,"Oct",4
"HT030",2023-10-22,"Day","Ore_LowGrade",318.5,741.7,105.7,0.4,73,0,0.429,96.7,96.7,"Oct",4
"HT004",2023-10-23,"Night","Ore_LowGrade",304.1,791.5,68.7,1.3,37,0,0.384,89.2,89.2,"Oct",4
"HT026",2023-10-24,"Day","Waste",353.4,852.2,77.6,0.7,44,0,0.415,94.2,94.2,"Oct",4
"HT011",2023-10-25,"Day","Waste",234.3,812.2,89.1,1.6,113,0,0.288,86.7,86.7,"Oct",4
"HT005",2023-10-26,"Day","Waste",348.8,797.5,100.8,0.7,97,0,0.437,94.2,94.2,"Oct",4
"HT036",2023-10-27,"Night","Ore_HighGrade",257,842.3,121,0.3,29,0,0.305,97.5,97.5,"Oct",4
"HT019",2023-10-28,"Night","Waste",210.8,648.6,89.4,1.3,6,0,0.325,89.2,89.2,"Oct",4
"HT035",2023-10-29,"Night","Ore_HighGrade",311.5,713.7,106.2,2.1,79,0,0.436,82.5,82.5,"Oct",4
"HT033",2023-10-30,"Night","Ore_LowGrade",363.2,919.3,122.7,3.2,73,0,0.395,73.3,73.3,"Oct",4
"HT039",2023-10-31,"Night","Ore_HighGrade",264.3,803.1,44.7,1.4,37,0,0.329,88.3,88.3,"Oct",4
"HT005",2023-11-01,"Night","Waste",224.9,1068.2,95.4,0.2,27,0,0.211,98.3,98.3,"Nov",4
"HT023",2023-11-02,"Day","Ore_HighGrade",331.3,980.4,116.2,0.1,21,0,0.338,99.2,99.2,"Nov",4
"HT041",2023-11-03,"Night","Ore_HighGrade",256.1,872.8,96.3,5.3,108,0,0.293,55.8,55.8,"Nov",4
"HT025",2023-11-04,"Day","Waste",272.6,713.8,115,0.2,45,0,0.382,98.3,98.3,"Nov",4
"HT049",2023-11-05,"Day","Ore_HighGrade",330.5,828.7,96.2,1.4,81,0,0.399,88.3,88.3,"Nov",4
"HT021",2023-11-06,"Night","Ore_LowGrade",334,747.2,117.1,1.7,93,0,0.447,85.8,85.8,"Nov",4
"HT005",2023-11-07,"Night","Ore_HighGrade",284.1,1009.4,103.2,1.5,99,0,0.281,87.5,87.5,"Nov",4
"HT012",2023-11-08,"Day","Ore_HighGrade",362.6,1167.8,92.9,0.6,49,0,0.31,95,95,"Nov",4
"HT002",2023-11-09,"Night","Ore_HighGrade",280,972.9,101.9,0.5,71,0,0.288,95.8,95.8,"Nov",4
"HT018",2023-11-10,"Day","Ore_LowGrade",340.6,575.4,91.1,3,102,0,0.592,75,75,"Nov",4
"HT004",2023-11-11,"Night","Waste",304,799.7,127.9,0.1,72,0,0.38,99.2,99.2,"Nov",4
"HT042",2023-11-12,"Day","Waste",360.9,689.8,124.8,1.7,53,0,0.523,85.8,85.8,"Nov",4
"HT047",2023-11-13,"Day","Ore_HighGrade",347.7,768.5,109.6,1.1,81,0,0.452,90.8,90.8,"Nov",4
"HT023",2023-11-14,"Night","Waste",307.2,810.6,92.4,0.4,88,0,0.379,96.7,96.7,"Nov",4
"HT008",2023-11-15,"Night","Ore_HighGrade",285.8,793.5,88.8,0.4,109,0,0.36,96.7,96.7,"Nov",4
"HT001",2023-11-16,"Day","Waste",352.3,988.1,82.4,0.6,55,0,0.357,95,95,"Nov",4
"HT011",2023-11-17,"Night","Ore_LowGrade",289.5,1017.6,87.6,0.7,109,0,0.284,94.2,94.2,"Nov",4
"HT037",2023-11-18,"Night","Ore_HighGrade",329.9,854.7,95,1.2,58,0,0.386,90,90,"Nov",4
"HT011",2023-11-19,"Day","Ore_HighGrade",220.9,913.6,107.5,1.5,66,0,0.242,87.5,87.5,"Nov",4
"HT015",2023-11-20,"Night","Ore_LowGrade",319.6,693.9,141.7,1.1,11,0,0.461,90.8,90.8,"Nov",4
"HT015",2023-11-21,"Night","Ore_HighGrade",255.2,756.2,115.2,2.2,97,0,0.337,81.7,81.7,"Nov",4
"HT042",2023-11-22,"Day","Ore_LowGrade",340.5,932.8,87,1.2,27,0,0.365,90,90,"Nov",4
"HT015",2023-11-23,"Day","Waste",384.9,1113.7,122.6,1,11,0,0.346,91.7,91.7,"Nov",4
"HT015",2023-11-24,"Night","Ore_HighGrade",222.7,939.9,72.6,1.4,110,0,0.237,88.3,88.3,"Nov",4
"HT044",2023-11-25,"Day","Ore_LowGrade",351.1,837.3,79.8,0.7,47,0,0.419,94.2,94.2,"Nov",4
"HT041",2023-11-26,"Night","Ore_HighGrade",287.5,915.3,76.5,1.6,14,0,0.314,86.7,86.7,"Nov",4
"HT025",2023-11-27,"Night","Ore_LowGrade",235.2,968.9,99.6,0.5,59,0,0.243,95.8,95.8,"Nov",4
"HT036",2023-11-28,"Night","Waste",306.8,950.4,63.3,1.5,50,0,0.323,87.5,87.5,"Nov",4
"HT003",2023-11-29,"Night","Waste",331.1,754.7,128.5,0.8,63,0,0.439,93.3,93.3,"Nov",4
"HT007",2023-11-30,"Night","Ore_HighGrade",249.3,815.3,114.6,0.4,90,0,0.306,96.7,96.7,"Nov",4
"HT004",2023-12-01,"Night","Ore_LowGrade",291.8,565.9,121.9,1.6,45,0,0.516,86.7,86.7,"Dec",4
"HT040",2023-12-02,"Night","Ore_HighGrade",348.3,668.4,99.3,2.2,10,0,0.521,81.7,81.7,"Dec",4
"HT037",2023-12-03,"Day","Ore_HighGrade",317.4,601.2,121.1,0.5,57,0,0.528,95.8,95.8,"Dec",4
"HT024",2023-12-04,"Day","Ore_HighGrade",308.3,781.6,106.6,1.4,111,0,0.394,88.3,88.3,"Dec",4
"HT038",2023-12-05,"Night","Ore_LowGrade",237.6,753.6,120.3,1.5,118,0,0.315,87.5,87.5,"Dec",4
"HT004",2023-12-06,"Day","Ore_HighGrade",250.8,880.3,86.2,0.3,83,0,0.285,97.5,97.5,"Dec",4
"HT003",2023-12-07,"Night","Ore_HighGrade",322.1,896.7,87.3,2.3,16,0,0.359,80.8,80.8,"Dec",4
"HT011",2023-12-08,"Day","Ore_HighGrade",268.9,676.6,109.9,1,77,0,0.397,91.7,91.7,"Dec",4
"HT010",2023-12-09,"Day","Waste",184.9,713.6,78.1,0.2,106,0,0.259,98.3,98.3,"Dec",4
"HT029",2023-12-10,"Day","Waste",326.8,820.7,138.5,0.6,98,1,0.398,95,95,"Dec",4
"HT023",2023-12-11,"Night","Ore_LowGrade",397.7,804.5,104.7,1.2,88,0,0.494,90,90,"Dec",4
"HT005",2023-12-12,"Night","Ore_HighGrade",361.6,862.1,113.8,0.8,109,0,0.419,93.3,93.3,"Dec",4
"HT024",2023-12-13,"Day","Ore_LowGrade",279.8,627.5,106,0.3,50,0,0.446,97.5,97.5,"Dec",4
"HT032",2023-12-14,"Night","Ore_HighGrade",238.3,698.7,134.8,0.7,11,0,0.341,94.2,94.2,"Dec",4
"HT025",2023-12-15,"Day","Ore_LowGrade",284.1,883,90,0.2,36,0,0.322,98.3,98.3,"Dec",4
"HT011",2023-12-16,"Night","Ore_HighGrade",321.4,899.9,97.5,1.7,119,0,0.357,85.8,85.8,"Dec",4
"HT010",2023-12-17,"Night","Ore_HighGrade",295.5,776.8,102.7,0.2,9,0,0.38,98.3,98.3,"Dec",4
"HT015",2023-12-18,"Night","Ore_HighGrade",306.6,1022.6,96.3,0.6,112,1,0.3,95,95,"Dec",4
"HT031",2023-12-19,"Day","Ore_HighGrade",343,1055.1,101.5,1.1,56,0,0.325,90.8,90.8,"Dec",4
"HT010",2023-12-20,"Night","Ore_LowGrade",258.2,689.7,91,0.7,63,0,0.374,94.2,94.2,"Dec",4
"HT045",2023-12-21,"Night","Ore_LowGrade",314.4,927.5,117.6,0.8,114,0,0.339,93.3,93.3,"Dec",4
"HT024",2023-12-22,"Night","Ore_HighGrade",325.8,951.2,96.6,1.9,114,0,0.343,84.2,84.2,"Dec",4
"HT035",2023-12-23,"Day","Ore_HighGrade",382.4,807.6,99,1.5,53,0,0.474,87.5,87.5,"Dec",4
"HT050",2023-12-24,"Night","Waste",153.7,819.3,100.8,1.9,96,0,0.188,84.2,84.2,"Dec",4
"HT010",2023-12-25,"Night","Waste",279.9,1076.9,81.5,1.3,59,0,0.26,89.2,89.2,"Dec",4
"HT008",2023-12-26,"Night","Ore_HighGrade",163.3,932.9,109.7,0,36,0,0.175,100,100,"Dec",4
"HT044",2023-12-27,"Day","Ore_LowGrade",277.2,809.6,92.4,0.2,88,1,0.342,98.3,98.3,"Dec",4
"HT042",2023-12-28,"Night","Ore_HighGrade",346.8,885.6,104.4,0.2,44,0,0.392,98.3,98.3,"Dec",4
"HT032",2023-12-29,"Night","Ore_LowGrade",283,750.2,101.9,1.6,107,0,0.377,86.7,86.7,"Dec",4
"HT039",2023-12-30,"Day","Ore_HighGrade",284.9,933.4,107.3,0.6,92,0,0.305,95,95,"Dec",4
"HT007",2023-12-31,"Night","Ore_LowGrade",337.2,909.2,108.3,0.3,93,0,0.371,97.5,97.5,"Dec",4
"HT038",2024-01-01,"Day","Ore_HighGrade",264.8,1217,106,0.9,41,1,0.218,92.5,92.5,"Jan",1
"HT017",2024-01-02,"Night","Waste",360.8,754.7,116.8,0.3,68,0,0.478,97.5,97.5,"Jan",1
"HT020",2024-01-03,"Night","Waste",366,753.9,87.5,0.7,98,0,0.485,94.2,94.2,"Jan",1
"HT033",2024-01-04,"Night","Ore_HighGrade",306.9,518.8,91.5,0.3,102,0,0.592,97.5,97.5,"Jan",1
"HT037",2024-01-05,"Night","Ore_LowGrade",321.8,955.1,108.3,0.8,17,0,0.337,93.3,93.3,"Jan",1
"HT010",2024-01-06,"Night","Ore_HighGrade",400.6,799.8,81.3,0.2,65,0,0.501,98.3,98.3,"Jan",1
"HT045",2024-01-07,"Day","Waste",331.3,636.8,123.5,1.4,15,0,0.52,88.3,88.3,"Jan",1
"HT010",2024-01-08,"Night","Ore_HighGrade",294.6,678.5,95.8,0.7,50,0,0.434,94.2,94.2,"Jan",1
"HT002",2024-01-09,"Day","Waste",325.1,786.2,98.4,0.9,31,0,0.414,92.5,92.5,"Jan",1
"HT015",2024-01-10,"Night","Ore_LowGrade",324.8,726.9,82.3,1.1,112,0,0.447,90.8,90.8,"Jan",1
"HT023",2024-01-11,"Night","Waste",218.2,703.9,121,0.3,45,0,0.31,97.5,97.5,"Jan",1
"HT047",2024-01-12,"Night","Ore_LowGrade",333.2,599.3,107.8,0.3,43,0,0.556,97.5,97.5,"Jan",1
"HT040",2024-01-13,"Night","Ore_LowGrade",357.4,683.4,107.2,0.5,9,0,0.523,95.8,95.8,"Jan",1
"HT035",2024-01-14,"Day","Ore_LowGrade",359.4,808.7,90.4,1,44,0,0.444,91.7,91.7,"Jan",1
"HT002",2024-01-15,"Night","Waste",306.1,652.7,85.4,0.1,56,1,0.469,99.2,99.2,"Jan",1
"HT006",2024-01-16,"Day","Waste",310,673.9,87.4,1.2,120,0,0.46,90,90,"Jan",1
"HT046",2024-01-17,"Day","Ore_HighGrade",296.1,599.6,134.1,0.5,97,0,0.494,95.8,95.8,"Jan",1
"HT047",2024-01-18,"Day","Ore_HighGrade",307.1,599.5,98.3,0.1,28,0,0.512,99.2,99.2,"Jan",1
"HT009",2024-01-19,"Night","Ore_HighGrade",331.6,674.1,141.6,1.7,110,0,0.492,85.8,85.8,"Jan",1
"HT023",2024-01-20,"Day","Ore_LowGrade",232.1,860.9,101,1.8,36,0,0.27,85,85,"Jan",1
"HT025",2024-01-21,"Night","Waste",397.3,810.1,110.9,1.8,83,0,0.49,85,85,"Jan",1
"HT015",2024-01-22,"Night","Ore_LowGrade",318.2,728.3,84.7,1.2,87,0,0.437,90,90,"Jan",1
"HT022",2024-01-23,"Night","Ore_HighGrade",314.3,981.9,123.3,0.9,87,0,0.32,92.5,92.5,"Jan",1
"HT048",2024-01-24,"Day","Waste",338.9,714.5,92.7,0.8,35,0,0.474,93.3,93.3,"Jan",1
"HT008",2024-01-25,"Night","Ore_LowGrade",219.6,861.8,110.2,1.1,74,0,0.255,90.8,90.8,"Jan",1
"HT029",2024-01-26,"Day","Ore_HighGrade",290.7,849.8,74.2,0.7,35,0,0.342,94.2,94.2,"Jan",1
"HT041",2024-01-27,"Night","Ore_HighGrade",332.9,967.6,112.8,0.9,23,0,0.344,92.5,92.5,"Jan",1
"HT021",2024-01-28,"Night","Ore_LowGrade",295.3,959,108.7,1,46,1,0.308,91.7,91.7,"Jan",1
"HT048",2024-01-29,"Night","Ore_LowGrade",294.2,940.4,54.4,0.8,71,0,0.313,93.3,93.3,"Jan",1
"HT009",2024-01-30,"Day","Ore_LowGrade",267.6,680.7,83.8,0.1,7,0,0.393,99.2,99.2,"Jan",1
"HT034",2024-01-31,"Day","Ore_LowGrade",338.4,820.6,79.5,1,18,0,0.412,91.7,91.7,"Jan",1
"HT041",2024-02-01,"Night","Ore_HighGrade",275,708.4,118.1,1.2,42,0,0.388,90,90,"Feb",1
"HT043",2024-02-02,"Day","Ore_LowGrade",297.5,580,111.3,1,63,0,0.513,91.7,91.7,"Feb",1
"HT011",2024-02-03,"Day","Ore_LowGrade",302.2,847.7,83.8,1.7,101,0,0.356,85.8,85.8,"Feb",1
"HT004",2024-02-04,"Day","Waste",190.8,853,95.8,2.2,82,0,0.224,81.7,81.7,"Feb",1
"HT007",2024-02-05,"Day","Ore_HighGrade",310,601,115.6,0.5,36,1,0.516,95.8,95.8,"Feb",1
"HT050",2024-02-06,"Night","Ore_HighGrade",291.6,1047.7,67.9,2.9,72,0,0.278,75.8,75.8,"Feb",1
"HT011",2024-02-07,"Night","Ore_LowGrade",288.5,649.1,100.6,0.3,98,0,0.444,97.5,97.5,"Feb",1
"HT033",2024-02-08,"Day","Waste",241.3,952.3,105.6,1.3,120,0,0.253,89.2,89.2,"Feb",1
"HT011",2024-02-09,"Day","Waste",270.2,870.9,108.5,1.3,107,0,0.31,89.2,89.2,"Feb",1
"HT038",2024-02-10,"Day","Ore_HighGrade",195.5,645.3,78.6,1.4,81,0,0.303,88.3,88.3,"Feb",1
"HT021",2024-02-11,"Day","Ore_HighGrade",293.4,940.1,86.8,1.6,32,0,0.312,86.7,86.7,"Feb",1
"HT010",2024-02-12,"Day","Ore_LowGrade",237.3,779.5,108.9,0.9,99,0,0.304,92.5,92.5,"Feb",1
"HT050",2024-02-13,"Night","Waste",255.1,587.3,103.6,0.3,23,0,0.434,97.5,97.5,"Feb",1
"HT003",2024-02-14,"Night","Ore_HighGrade",377.2,686.7,116.5,1.3,30,0,0.549,89.2,89.2,"Feb",1
"HT035",2024-02-15,"Night","Ore_HighGrade",342.5,825.9,119.5,0.3,23,0,0.415,97.5,97.5,"Feb",1
"HT034",2024-02-16,"Day","Ore_HighGrade",238.6,732.9,102.9,1.1,81,0,0.326,90.8,90.8,"Feb",1
"HT040",2024-02-17,"Day","Ore_HighGrade",291.5,696.1,135.9,1.2,10,0,0.419,90,90,"Feb",1
"HT028",2024-02-18,"Day","Ore_LowGrade",343.2,865.4,103.1,0.9,57,0,0.397,92.5,92.5,"Feb",1
"HT013",2024-02-19,"Day","Ore_HighGrade",304.9,778.1,107.3,1.8,63,0,0.392,85,85,"Feb",1
"HT008",2024-02-20,"Night","Waste",228.4,823.2,108.6,0.7,83,1,0.277,94.2,94.2,"Feb",1
"HT002",2024-02-21,"Night","Waste",307.3,824.1,77.2,0.3,96,0,0.373,97.5,97.5,"Feb",1
"HT006",2024-02-22,"Night","Ore_LowGrade",268.3,1040.1,102.8,0.8,106,0,0.258,93.3,93.3,"Feb",1
"HT023",2024-02-23,"Day","Waste",248.8,733,93.6,1,7,1,0.339,91.7,91.7,"Feb",1
"HT017",2024-02-24,"Night","Ore_HighGrade",221.6,867.7,104,0.1,34,0,0.255,99.2,99.2,"Feb",1
"HT032",2024-02-25,"Day","Ore_LowGrade",331.6,417.6,99.7,2.2,115,0,0.794,81.7,81.7,"Feb",1
"HT014",2024-02-26,"Night","Ore_HighGrade",327,706.5,91.8,0.9,14,1,0.463,92.5,92.5,"Feb",1
"HT007",2024-02-27,"Day","Ore_HighGrade",310.6,793.5,76.6,0.9,63,0,0.391,92.5,92.5,"Feb",1
"HT013",2024-02-28,"Night","Ore_LowGrade",254.2,743.7,80.6,2,8,0,0.342,83.3,83.3,"Feb",1
"HT008",2024-02-29,"Day","Waste",313.2,795.6,57.6,0.6,67,0,0.394,95,95,"Feb",1
"HT038",2024-03-01,"Day","Ore_LowGrade",317.4,708.8,105.6,0.1,116,0,0.448,99.2,99.2,"Mar",1
"HT011",2024-03-02,"Day","Ore_LowGrade",303.2,895.5,96.9,1.4,75,0,0.339,88.3,88.3,"Mar",1
"HT042",2024-03-03,"Day","Ore_LowGrade",332.6,678.7,112.8,0.2,22,0,0.49,98.3,98.3,"Mar",1
"HT017",2024-03-04,"Night","Ore_LowGrade",245.2,809.7,105.6,0.3,97,0,0.303,97.5,97.5,"Mar",1
"HT007",2024-03-05,"Day","Ore_HighGrade",240.8,594.3,86.7,1.8,51,0,0.405,85,85,"Mar",1
"HT044",2024-03-06,"Day","Waste",319.4,658.1,88.3,0.7,99,0,0.485,94.2,94.2,"Mar",1
"HT019",2024-03-07,"Day","Ore_HighGrade",293.4,887.1,74,1,117,0,0.331,91.7,91.7,"Mar",1
"HT049",2024-03-08,"Night","Waste",349.8,791.3,84.5,4,26,0,0.442,66.7,66.7,"Mar",1
"HT040",2024-03-09,"Night","Ore_LowGrade",196.7,759.6,148.9,2.1,17,0,0.259,82.5,82.5,"Mar",1
"HT015",2024-03-10,"Night","Ore_HighGrade",341.4,488.7,113.4,1,54,0,0.699,91.7,91.7,"Mar",1
"HT046",2024-03-11,"Night","Ore_LowGrade",265.7,1062.6,75.3,1,60,0,0.25,91.7,91.7,"Mar",1
"HT014",2024-03-12,"Day","Waste",272.6,753.8,55.8,1.4,37,0,0.362,88.3,88.3,"Mar",1
"HT026",2024-03-13,"Day","Waste",326.1,1019.7,87.8,0.1,44,0,0.32,99.2,99.2,"Mar",1
"HT027",2024-03-14,"Night","Ore_LowGrade",189.6,615.3,109.7,0.6,87,0,0.308,95,95,"Mar",1
"HT017",2024-03-15,"Day","Ore_LowGrade",294.2,687.3,105.7,1.6,46,0,0.428,86.7,86.7,"Mar",1
"HT033",2024-03-16,"Day","Waste",267.4,963,87.6,0.3,13,0,0.278,97.5,97.5,"Mar",1
"HT050",2024-03-17,"Night","Ore_HighGrade",289.5,742,86.3,1.2,23,0,0.39,90,90,"Mar",1
"HT018",2024-03-18,"Day","Waste",302.8,795.2,105.6,2.8,31,0,0.381,76.7,76.7,"Mar",1
"HT020",2024-03-19,"Day","Ore_LowGrade",302.1,816.4,110.9,0.1,32,0,0.37,99.2,99.2,"Mar",1
"HT027",2024-03-20,"Day","Waste",273.1,768,158.2,1.6,58,0,0.356,86.7,86.7,"Mar",1
"HT042",2024-03-21,"Night","Waste",219.3,1016.6,96,0.9,114,0,0.216,92.5,92.5,"Mar",1
"HT010",2024-03-22,"Day","Ore_LowGrade",386.5,775.9,94.4,0,55,0,0.498,100,100,"Mar",1
"HT009",2024-03-23,"Night","Waste",272.6,706.5,108.3,2.5,95,0,0.386,79.2,79.2,"Mar",1
"HT031",2024-03-24,"Night","Ore_LowGrade",274.9,629.4,87,0.7,90,0,0.437,94.2,94.2,"Mar",1
"HT019",2024-03-25,"Day","Ore_HighGrade",314.6,1075.6,118.5,1.4,19,0,0.292,88.3,88.3,"Mar",1
"HT050",2024-03-26,"Day","Waste",238.2,806.7,74.2,2,43,0,0.295,83.3,83.3,"Mar",1
"HT018",2024-03-27,"Night","Ore_HighGrade",216.6,653.1,102.8,1.3,103,0,0.332,89.2,89.2,"Mar",1
"HT044",2024-03-28,"Night","Waste",384.6,770.8,61.3,0.8,58,0,0.499,93.3,93.3,"Mar",1
"HT044",2024-03-29,"Day","Ore_HighGrade",367.1,846.4,111.3,0.2,84,0,0.434,98.3,98.3,"Mar",1
"HT028",2024-03-30,"Night","Ore_LowGrade",283.3,512.2,95.5,1,91,0,0.553,91.7,91.7,"Mar",1
"HT021",2024-03-31,"Day","Ore_HighGrade",378.1,545.3,130.8,0.6,10,0,0.693,95,95,"Mar",1
"HT029",2024-04-01,"Day","Waste",289.5,780.9,78.6,0.6,42,0,0.371,95,95,"Apr",2
"HT036",2024-04-02,"Night","Ore_HighGrade",333.3,824.7,75.8,2,103,0,0.404,83.3,83.3,"Apr",2
"HT020",2024-04-03,"Night","Ore_LowGrade",296.4,570.6,126.6,0.4,70,0,0.519,96.7,96.7,"Apr",2
"HT023",2024-04-04,"Night","Ore_LowGrade",287.6,963,102.4,0.2,13,0,0.299,98.3,98.3,"Apr",2
"HT042",2024-04-05,"Night","Waste",324.9,947.8,64.9,0.6,9,0,0.343,95,95,"Apr",2
"HT005",2024-04-06,"Night","Ore_HighGrade",295,1225.9,114.1,2,90,0,0.241,83.3,83.3,"Apr",2
"HT002",2024-04-07,"Night","Ore_LowGrade",249.7,800.2,83.4,0.2,53,0,0.312,98.3,98.3,"Apr",2
"HT018",2024-04-08,"Day","Waste",258,669,108.1,1.6,76,0,0.386,86.7,86.7,"Apr",2
"HT012",2024-04-09,"Day","Ore_HighGrade",352.1,572.2,121,0.3,86,0,0.615,97.5,97.5,"Apr",2
"HT013",2024-04-10,"Night","Ore_HighGrade",223,878.9,99.5,0.3,106,0,0.254,97.5,97.5,"Apr",2
"HT043",2024-04-11,"Day","Waste",335.9,1010.3,112,0.4,38,0,0.332,96.7,96.7,"Apr",2
"HT038",2024-04-12,"Night","Ore_HighGrade",300.3,935,132.2,0.8,61,0,0.321,93.3,93.3,"Apr",2
"HT018",2024-04-13,"Day","Waste",360.3,781.5,88.4,1.4,92,0,0.461,88.3,88.3,"Apr",2
"HT010",2024-04-14,"Night","Ore_LowGrade",300.1,567.3,82.3,1.6,86,0,0.529,86.7,86.7,"Apr",2
"HT009",2024-04-15,"Night","Ore_HighGrade",256.6,733.1,112.3,1.2,36,0,0.35,90,90,"Apr",2
"HT035",2024-04-16,"Day","Ore_LowGrade",288.3,329.9,103.6,1.1,70,0,0.874,90.8,90.8,"Apr",2
"HT029",2024-04-17,"Day","Ore_HighGrade",156.2,734.3,104.4,0.7,113,0,0.213,94.2,94.2,"Apr",2
"HT022",2024-04-18,"Day","Waste",250,755.5,108.6,0.4,53,0,0.331,96.7,96.7,"Apr",2
"HT019",2024-04-19,"Night","Ore_LowGrade",311.4,487.3,104.3,0.3,32,0,0.639,97.5,97.5,"Apr",2
"HT008",2024-04-20,"Night","Ore_HighGrade",304.1,818.7,110.6,0.3,92,0,0.371,97.5,97.5,"Apr",2
"HT045",2024-04-21,"Day","Ore_LowGrade",334.3,805.3,75.5,0.7,70,0,0.415,94.2,94.2,"Apr",2
"HT033",2024-04-22,"Day","Ore_HighGrade",243.2,803.8,108.7,1.5,18,0,0.303,87.5,87.5,"Apr",2
"HT002",2024-04-23,"Day","Ore_HighGrade",319.2,551.5,139.5,0.4,97,0,0.579,96.7,96.7,"Apr",2
"HT043",2024-04-24,"Night","Ore_HighGrade",324.6,556.4,99.8,1.5,61,0,0.583,87.5,87.5,"Apr",2
"HT048",2024-04-25,"Night","Waste",270.4,626.4,91.6,1.1,24,1,0.432,90.8,90.8,"Apr",2
"HT005",2024-04-26,"Night","Waste",215.8,625.9,110.7,1.5,44,0,0.345,87.5,87.5,"Apr",2
"HT021",2024-04-27,"Day","Ore_HighGrade",345.3,797.7,125.7,1.2,40,0,0.433,90,90,"Apr",2
"HT031",2024-04-28,"Night","Ore_LowGrade",289.6,773.4,99.1,0.7,15,0,0.374,94.2,94.2,"Apr",2
"HT036",2024-04-29,"Day","Ore_HighGrade",306.5,713.4,110.6,0.2,92,0,0.43,98.3,98.3,"Apr",2
"HT027",2024-04-30,"Night","Ore_LowGrade",276.5,712.6,90.9,2,15,1,0.388,83.3,83.3,"Apr",2
"HT023",2024-05-01,"Day","Ore_LowGrade",235.2,600.4,86.9,0.2,68,0,0.392,98.3,98.3,"May",2
"HT003",2024-05-02,"Day","Waste",279.7,700.9,90.5,0.9,49,1,0.399,92.5,92.5,"May",2
"HT015",2024-05-03,"Day","Ore_HighGrade",343.9,643.9,126.6,0.6,67,1,0.534,95,95,"May",2
"HT042",2024-05-04,"Day","Ore_HighGrade",341.6,864.1,130.9,1.2,14,0,0.395,90,90,"May",2
"HT039",2024-05-05,"Night","Ore_LowGrade",338.3,1017.8,77.4,0.6,120,0,0.332,95,95,"May",2
"HT007",2024-05-06,"Night","Ore_LowGrade",260,862.8,103.7,3.7,101,0,0.301,69.2,69.2,"May",2
"HT034",2024-05-07,"Day","Waste",215.3,996.6,108.9,0.8,73,0,0.216,93.3,93.3,"May",2
"HT031",2024-05-08,"Night","Ore_LowGrade",322.5,728.3,71.7,2.1,103,0,0.443,82.5,82.5,"May",2
"HT018",2024-05-09,"Day","Ore_LowGrade",299.1,598.6,105,0.9,55,0,0.5,92.5,92.5,"May",2
"HT018",2024-05-10,"Day","Waste",298.1,945.7,91.6,2.3,91,0,0.315,80.8,80.8,"May",2
"HT035",2024-05-11,"Night","Ore_HighGrade",276.2,624.4,64,0,21,0,0.442,100,100,"May",2
"HT040",2024-05-12,"Day","Ore_LowGrade",215.3,616.8,114.5,0.3,19,0,0.349,97.5,97.5,"May",2
"HT046",2024-05-13,"Night","Ore_HighGrade",323.8,915.1,89.5,1.6,70,1,0.354,86.7,86.7,"May",2
"HT009",2024-05-14,"Night","Waste",244.9,756.9,70,1.5,12,0,0.324,87.5,87.5,"May",2
"HT015",2024-05-15,"Night","Ore_LowGrade",263.3,665.6,142.5,0.5,15,0,0.396,95.8,95.8,"May",2
"HT017",2024-05-16,"Night","Ore_HighGrade",179.8,871.4,116.1,2,25,0,0.206,83.3,83.3,"May",2
"HT007",2024-05-17,"Day","Waste",415.3,834.5,123.4,1,90,0,0.498,91.7,91.7,"May",2
"HT030",2024-05-18,"Day","Ore_HighGrade",319.5,952.3,103,1.9,48,0,0.336,84.2,84.2,"May",2
"HT008",2024-05-19,"Night","Waste",232,934.3,52,0.4,106,0,0.248,96.7,96.7,"May",2
"HT001",2024-05-20,"Day","Ore_HighGrade",305.3,640.2,87.1,0.9,29,1,0.477,92.5,92.5,"May",2
"HT009",2024-05-21,"Day","Waste",269.6,845.3,70.6,1.4,25,0,0.319,88.3,88.3,"May",2
"HT035",2024-05-22,"Day","Waste",381.1,929.8,90.4,0.8,105,0,0.41,93.3,93.3,"May",2
"HT025",2024-05-23,"Day","Ore_LowGrade",396.3,1130.4,105.5,1.2,43,0,0.351,90,90,"May",2
"HT002",2024-05-24,"Night","Ore_HighGrade",402.4,743.1,110.6,1.3,84,0,0.542,89.2,89.2,"May",2
"HT011",2024-05-25,"Night","Ore_HighGrade",275.8,1152.5,101.4,0.5,69,0,0.239,95.8,95.8,"May",2
"HT004",2024-05-26,"Night","Ore_HighGrade",318.1,1032,71.5,2.6,56,0,0.308,78.3,78.3,"May",2
"HT040",2024-05-27,"Night","Ore_HighGrade",395.6,911.9,111.6,1.3,104,0,0.434,89.2,89.2,"May",2
"HT020",2024-05-28,"Night","Ore_HighGrade",286.3,523.5,84.8,0.3,92,0,0.547,97.5,97.5,"May",2
"HT011",2024-05-29,"Night","Ore_HighGrade",267.4,1060.7,57.9,1,51,0,0.252,91.7,91.7,"May",2
"HT018",2024-05-30,"Night","Ore_LowGrade",349.8,867.6,72.1,0.4,98,0,0.403,96.7,96.7,"May",2
"HT014",2024-05-31,"Day","Ore_HighGrade",337.8,802.1,115.8,0.7,95,0,0.421,94.2,94.2,"May",2
"HT003",2024-06-01,"Day","Waste",318.1,781.8,105.8,0.6,11,0,0.407,95,95,"Jun",2
"HT028",2024-06-02,"Night","Ore_LowGrade",262.5,823.6,84.2,0.6,46,0,0.319,95,95,"Jun",2
"HT003",2024-06-03,"Day","Ore_LowGrade",358.2,892.1,25.3,0.4,32,0,0.402,96.7,96.7,"Jun",2
"HT046",2024-06-04,"Day","Waste",202.6,877.6,112,0.4,15,0,0.231,96.7,96.7,"Jun",2
"HT028",2024-06-05,"Night","Ore_HighGrade",363.4,975.4,111.4,0.1,45,0,0.373,99.2,99.2,"Jun",2
"HT029",2024-06-06,"Night","Waste",241.1,752.9,96.3,0.3,71,1,0.32,97.5,97.5,"Jun",2
"HT039",2024-06-07,"Night","Ore_HighGrade",367.1,506.8,84.9,1,95,0,0.724,91.7,91.7,"Jun",2
"HT023",2024-06-08,"Night","Waste",361.1,851.3,71.5,0.8,36,0,0.424,93.3,93.3,"Jun",2
"HT015",2024-06-09,"Day","Ore_HighGrade",292.4,798.5,88.5,0.5,88,0,0.366,95.8,95.8,"Jun",2
"HT023",2024-06-10,"Night","Ore_HighGrade",355.4,903.4,92.5,0.5,119,0,0.393,95.8,95.8,"Jun",2
"HT024",2024-06-11,"Night","Waste",263.4,845.8,81.3,1.4,70,0,0.311,88.3,88.3,"Jun",2
"HT040",2024-06-12,"Day","Ore_HighGrade",419.5,645.4,78.8,1.1,67,0,0.65,90.8,90.8,"Jun",2
"HT033",2024-06-13,"Night","Ore_HighGrade",232.6,540.6,121.3,0.6,62,0,0.43,95,95,"Jun",2
"HT037",2024-06-14,"Day","Ore_LowGrade",353.2,696.4,89.5,0.5,92,0,0.507,95.8,95.8,"Jun",2
"HT029",2024-06-15,"Day","Ore_HighGrade",300.7,659,106.9,3.4,30,0,0.456,71.7,71.7,"Jun",2
"HT049",2024-06-16,"Day","Ore_HighGrade",346.6,796.7,105.2,2,71,0,0.435,83.3,83.3,"Jun",2
"HT006",2024-06-17,"Day","Ore_LowGrade",263.4,803.7,108.8,0.5,16,0,0.328,95.8,95.8,"Jun",2
"HT025",2024-06-18,"Night","Waste",346.3,561.7,90.2,2.6,24,0,0.617,78.3,78.3,"Jun",2
"HT042",2024-06-19,"Day","Waste",288.1,1024.4,111.5,0.3,29,0,0.281,97.5,97.5,"Jun",2
"HT026",2024-06-20,"Day","Ore_HighGrade",303.6,760.7,102.9,0.6,98,0,0.399,95,95,"Jun",2
"HT024",2024-06-21,"Night","Ore_HighGrade",301,762.2,124.1,1.3,56,0,0.395,89.2,89.2,"Jun",2
"HT044",2024-06-22,"Night","Waste",350,900.5,102.9,0.2,47,0,0.389,98.3,98.3,"Jun",2
"HT032",2024-06-23,"Night","Ore_HighGrade",210,807.7,85.9,1.5,96,0,0.26,87.5,87.5,"Jun",2
"HT008",2024-06-24,"Night","Ore_HighGrade",338.4,894.8,132.5,2,8,0,0.378,83.3,83.3,"Jun",2
"HT016",2024-06-25,"Night","Ore_LowGrade",224.6,655.1,94.5,2.6,97,0,0.343,78.3,78.3,"Jun",2
"HT039",2024-06-26,"Day","Ore_HighGrade",311.6,753.3,103.7,0.6,50,0,0.414,95,95,"Jun",2
"HT032",2024-06-27,"Night","Ore_HighGrade",293.2,968.8,132.4,3.4,36,0,0.303,71.7,71.7,"Jun",2
"HT039",2024-06-28,"Night","Ore_LowGrade",288.7,721.4,106.3,0.5,78,0,0.4,95.8,95.8,"Jun",2
"HT001",2024-06-29,"Day","Ore_HighGrade",297.1,786.1,113.8,0.7,38,0,0.378,94.2,94.2,"Jun",2
"HT030",2024-06-30,"Night","Ore_LowGrade",297.4,792,51.6,0.9,118,0,0.376,92.5,92.5,"Jun",2
"HT025",2024-07-01,"Day","Ore_LowGrade",298.7,663.8,75.4,0.5,8,0,0.45,95.8,95.8,"Jul",3
"HT043",2024-07-02,"Day","Ore_HighGrade",300.1,852.6,79.8,0.4,51,0,0.352,96.7,96.7,"Jul",3
"HT003",2024-07-03,"Day","Ore_LowGrade",221.4,807.7,105.4,1.5,53,0,0.274,87.5,87.5,"Jul",3
"HT022",2024-07-04,"Night","Waste",341.9,1084.5,112.6,1.1,11,0,0.315,90.8,90.8,"Jul",3
"HT017",2024-07-05,"Night","Ore_HighGrade",210.6,660.2,72.1,0.2,7,0,0.319,98.3,98.3,"Jul",3
"HT020",2024-07-06,"Day","Ore_HighGrade",340.3,847.4,116.1,1.1,73,1,0.402,90.8,90.8,"Jul",3
"HT035",2024-07-07,"Night","Waste",269.1,909.2,169.1,1.7,27,1,0.296,85.8,85.8,"Jul",3
"HT014",2024-07-08,"Day","Ore_HighGrade",290.5,693.7,120.5,1.4,98,0,0.419,88.3,88.3,"Jul",3
"HT037",2024-07-09,"Day","Ore_HighGrade",313.2,585.6,82,2,88,0,0.535,83.3,83.3,"Jul",3
"HT050",2024-07-10,"Night","Waste",338.8,825.3,76,0.5,87,0,0.411,95.8,95.8,"Jul",3
"HT024",2024-07-11,"Day","Ore_LowGrade",226.5,710.5,87.3,0.1,38,0,0.319,99.2,99.2,"Jul",3
"HT030",2024-07-12,"Day","Waste",233.1,805.3,131.9,1.4,83,1,0.289,88.3,88.3,"Jul",3
"HT008",2024-07-13,"Night","Waste",292.4,772.6,97.7,1.4,116,0,0.378,88.3,88.3,"Jul",3
"HT020",2024-07-14,"Day","Ore_HighGrade",352.1,756.8,93.5,3,97,0,0.465,75,75,"Jul",3
"HT010",2024-07-15,"Day","Ore_LowGrade",285.8,633.6,121.5,1,80,0,0.451,91.7,91.7,"Jul",3
"HT022",2024-07-16,"Day","Ore_LowGrade",359.2,721.6,134.4,1.7,28,1,0.498,85.8,85.8,"Jul",3
"HT050",2024-07-17,"Day","Ore_LowGrade",279.2,673.5,84.8,0.9,14,0,0.415,92.5,92.5,"Jul",3
"HT017",2024-07-18,"Day","Ore_HighGrade",299.2,725.8,105.9,1.1,6,0,0.412,90.8,90.8,"Jul",3
"HT009",2024-07-19,"Day","Waste",369.7,871.6,87.8,1.5,73,0,0.424,87.5,87.5,"Jul",3
"HT035",2024-07-20,"Night","Ore_LowGrade",346.4,624.4,80.2,0.7,118,0,0.555,94.2,94.2,"Jul",3
"HT037",2024-07-21,"Night","Ore_HighGrade",271.1,763.7,120.7,0.8,106,0,0.355,93.3,93.3,"Jul",3
"HT021",2024-07-22,"Day","Ore_HighGrade",273.1,933.3,93.5,0.6,8,0,0.293,95,95,"Jul",3
"HT016",2024-07-23,"Day","Waste",328.2,1025.3,112,0.8,86,0,0.32,93.3,93.3,"Jul",3
"HT026",2024-07-24,"Day","Ore_LowGrade",437.6,784.2,80.2,1.1,11,0,0.558,90.8,90.8,"Jul",3
"HT035",2024-07-25,"Night","Ore_HighGrade",264.3,729.7,105.1,0.2,83,0,0.362,98.3,98.3,"Jul",3
"HT035",2024-07-26,"Night","Ore_HighGrade",279.9,878.8,57.5,1.7,77,0,0.319,85.8,85.8,"Jul",3
"HT026",2024-07-27,"Day","Waste",277.3,807.5,77.5,2.7,86,0,0.343,77.5,77.5,"Jul",3
"HT013",2024-07-28,"Night","Ore_HighGrade",226.1,887.3,120.2,0.6,100,0,0.255,95,95,"Jul",3
"HT036",2024-07-29,"Day","Waste",168.1,1051.8,86.6,0.4,32,0,0.16,96.7,96.7,"Jul",3
"HT047",2024-07-30,"Day","Ore_HighGrade",270.9,754.1,98.8,0.2,88,1,0.359,98.3,98.3,"Jul",3
"HT025",2024-07-31,"Night","Waste",240.6,831.9,76.6,0.3,79,0,0.289,97.5,97.5,"Jul",3
"HT028",2024-08-01,"Night","Waste",292.4,603.5,67.3,1.3,88,0,0.485,89.2,89.2,"Aug",3
"HT029",2024-08-02,"Day","Ore_HighGrade",276.3,634.5,95.7,1,59,0,0.435,91.7,91.7,"Aug",3
"HT013",2024-08-03,"Night","Ore_LowGrade",244,709.8,110.2,0.9,88,1,0.344,92.5,92.5,"Aug",3
"HT044",2024-08-04,"Night","Waste",303.2,751.2,80.5,1.1,28,0,0.404,90.8,90.8,"Aug",3
"HT021",2024-08-05,"Day","Ore_LowGrade",282.3,634,102.7,0.8,39,0,0.445,93.3,93.3,"Aug",3
"HT025",2024-08-06,"Night","Ore_HighGrade",292.5,982.6,130.9,0.5,19,0,0.298,95.8,95.8,"Aug",3
"HT029",2024-08-07,"Night","Ore_LowGrade",218.3,663.8,95.7,0.8,56,0,0.329,93.3,93.3,"Aug",3
"HT020",2024-08-08,"Day","Ore_HighGrade",321.1,697.3,98.2,0.5,53,0,0.46,95.8,95.8,"Aug",3
"HT029",2024-08-09,"Day","Ore_LowGrade",300,620.7,98.1,0.9,88,0,0.483,92.5,92.5,"Aug",3
"HT013",2024-08-10,"Night","Ore_HighGrade",283.8,780.1,103.9,0.9,50,0,0.364,92.5,92.5,"Aug",3
"HT013",2024-08-11,"Night","Ore_LowGrade",267.1,761.6,112.4,1.8,77,0,0.351,85,85,"Aug",3
"HT035",2024-08-12,"Day","Ore_HighGrade",296.2,886.7,87.1,0.2,75,1,0.334,98.3,98.3,"Aug",3
"HT005",2024-08-13,"Day","Ore_LowGrade",259.7,366.1,114.4,2.1,39,0,0.709,82.5,82.5,"Aug",3
"HT013",2024-08-14,"Night","Waste",265.3,746.6,84.5,0.9,90,0,0.355,92.5,92.5,"Aug",3
"HT023",2024-08-15,"Day","Waste",326.7,715.4,103,0.9,86,0,0.457,92.5,92.5,"Aug",3
"HT028",2024-08-16,"Night","Ore_LowGrade",244.8,958.9,114.5,0.2,96,0,0.255,98.3,98.3,"Aug",3
"HT044",2024-08-17,"Night","Ore_HighGrade",399.6,659.4,77.6,0.9,58,0,0.606,92.5,92.5,"Aug",3
"HT008",2024-08-18,"Night","Waste",206,653,105.7,1.9,87,1,0.315,84.2,84.2,"Aug",3
"HT038",2024-08-19,"Day","Ore_HighGrade",335.4,1063.2,107.4,0.6,76,1,0.315,95,95,"Aug",3
"HT024",2024-08-20,"Night","Waste",261.7,771.7,96,0.6,100,0,0.339,95,95,"Aug",3
"HT016",2024-08-21,"Day","Ore_HighGrade",313.6,917.1,90.5,1,20,0,0.342,91.7,91.7,"Aug",3
"HT011",2024-08-22,"Day","Ore_HighGrade",334.8,785,85.8,2.5,32,0,0.426,79.2,79.2,"Aug",3
"HT023",2024-08-23,"Night","Waste",361.5,1058.6,124.8,1.7,38,0,0.341,85.8,85.8,"Aug",3
"HT030",2024-08-24,"Day","Waste",359.4,766.8,75.4,1.1,118,0,0.469,90.8,90.8,"Aug",3
"HT032",2024-08-25,"Night","Ore_LowGrade",277.2,610.6,110.5,0.3,34,0,0.454,97.5,97.5,"Aug",3
"HT027",2024-08-26,"Night","Waste",248.1,1134.7,97.6,0.5,68,0,0.219,95.8,95.8,"Aug",3
"HT044",2024-08-27,"Day","Ore_LowGrade",296.4,996.3,75.9,0.5,63,0,0.298,95.8,95.8,"Aug",3
"HT048",2024-08-28,"Night","Waste",355.6,868.5,82.8,0.6,103,0,0.409,95,95,"Aug",3
"HT015",2024-08-29,"Night","Waste",330.9,764.9,81.3,0.1,79,0,0.433,99.2,99.2,"Aug",3
"HT001",2024-08-30,"Day","Waste",275.4,839.6,109,0.2,93,0,0.328,98.3,98.3,"Aug",3
"HT044",2024-08-31,"Night","Ore_HighGrade",312,647.6,94.5,1,66,0,0.482,91.7,91.7,"Aug",3
"HT010",2024-09-01,"Day","Waste",293.6,1018,124.1,0.1,74,0,0.288,99.2,99.2,"Sep",3
"HT022",2024-09-02,"Night","Ore_LowGrade",342.2,801,99.7,1.3,50,0,0.427,89.2,89.2,"Sep",3
"HT042",2024-09-03,"Day","Ore_LowGrade",359.2,963.5,89.9,0.4,41,0,0.373,96.7,96.7,"Sep",3
"HT036",2024-09-04,"Day","Ore_LowGrade",293.3,796.2,89.2,0.2,109,0,0.368,98.3,98.3,"Sep",3
"HT041",2024-09-05,"Day","Ore_LowGrade",340.9,821.7,82.4,1.2,61,0,0.415,90,90,"Sep",3
"HT025",2024-09-06,"Night","Ore_LowGrade",311.4,999.7,98.8,1.5,84,0,0.311,87.5,87.5,"Sep",3
"HT030",2024-09-07,"Day","Waste",343.4,720.2,83.2,0.8,83,0,0.477,93.3,93.3,"Sep",3
"HT037",2024-09-08,"Night","Ore_HighGrade",269.7,647.8,98.9,1.3,90,0,0.416,89.2,89.2,"Sep",3
"HT027",2024-09-09,"Night","Ore_LowGrade",313.3,825.5,108.2,0.4,18,0,0.38,96.7,96.7,"Sep",3
"HT009",2024-09-10,"Day","Waste",254,524.7,64.2,0.3,84,0,0.484,97.5,97.5,"Sep",3
"HT019",2024-09-11,"Day","Ore_HighGrade",283.6,953.4,91.2,1.2,72,0,0.297,90,90,"Sep",3
"HT035",2024-09-12,"Night","Waste",309.2,861.1,106.2,0.1,15,0,0.359,99.2,99.2,"Sep",3
"HT034",2024-09-13,"Day","Waste",232.8,645.3,99.4,0.5,60,0,0.361,95.8,95.8,"Sep",3
"HT023",2024-09-14,"Night","Ore_LowGrade",247.2,815.3,75.8,0.6,17,0,0.303,95,95,"Sep",3
"HT012",2024-09-15,"Night","Ore_HighGrade",293.2,773.5,108.1,0.1,76,0,0.379,99.2,99.2,"Sep",3
"HT015",2024-09-16,"Day","Ore_HighGrade",314.2,771.7,99.3,1.3,44,0,0.407,89.2,89.2,"Sep",3
"HT049",2024-09-17,"Night","Ore_LowGrade",302.1,463.1,121.5,0.6,6,0,0.652,95,95,"Sep",3
"HT035",2024-09-18,"Night","Ore_LowGrade",298.1,618,107.6,0.3,36,0,0.482,97.5,97.5,"Sep",3
"HT029",2024-09-19,"Day","Waste",297.4,859.7,82.7,1.1,65,0,0.346,90.8,90.8,"Sep",3
"HT007",2024-09-20,"Day","Ore_HighGrade",269,943.1,113.8,1,38,0,0.285,91.7,91.7,"Sep",3
"HT029",2024-09-21,"Day","Ore_HighGrade",342,987.6,92.4,1.5,65,0,0.346,87.5,87.5,"Sep",3
"HT045",2024-09-22,"Night","Ore_HighGrade",304.9,732.8,111.3,0.4,101,1,0.416,96.7,96.7,"Sep",3
"HT046",2024-09-23,"Night","Waste",309.9,848.7,128.4,0.9,21,0,0.365,92.5,92.5,"Sep",3
"HT034",2024-09-24,"Day","Ore_HighGrade",250,860.8,93.8,0.1,41,0,0.29,99.2,99.2,"Sep",3
"HT009",2024-09-25,"Night","Ore_LowGrade",210.3,591,114,0.4,56,0,0.356,96.7,96.7,"Sep",3
"HT047",2024-09-26,"Night","Ore_LowGrade",252.7,676.7,65.7,1,33,0,0.373,91.7,91.7,"Sep",3
